LocationType,Location,TimeFrame,DataFormat,Data
State,North Carolina,1995,Number,101630
State,North Carolina,1996,Number,104428
State,North Carolina,1997,Number,106949
State,North Carolina,1998,Number,111631
State,North Carolina,1999,Number,113755
State,North Carolina,2000,Number,120247
State,North Carolina,2001,Number,118112
State,North Carolina,2002,Number,117307
State,North Carolina,2003,Number,118292
State,North Carolina,2004,Number,119773
State,North Carolina,2005,Number,123040
State,North Carolina,2006,Number,127646
State,North Carolina,2007,Number,130886
State,North Carolina,2008,Number,130758
State,North Carolina,2013,Number,118983
State,North Carolina,2018,Number,118957
State,North Carolina,2009,Number,126785
State,North Carolina,2010,Number,122302
State,North Carolina,2015,Number,120826
State,North Carolina,2011,Number,120403
State,North Carolina,2012,Number,119767
State,North Carolina,2014,Number,120948
State,North Carolina,2016,Number,120765
State,North Carolina,2017,Number,120099
State,North Carolina,2020,Number,116755
State,North Carolina,2021,Number,120501
State,North Carolina,2022,Number,121557
State,North Carolina,2023,Number,120065
State,North Carolina,2024,Number,121013
State,North Carolina,2019,Number,118725
County,Alamance,2017,Number,1939
County,Alamance,2014,Number,1766
County,Alamance,2016,Number,1856
County,Alamance,2012,Number,1757
County,Alamance,2015,Number,1783
County,Alamance,2011,Number,1674
County,Alamance,2010,Number,1856
County,Alamance,2009,Number,1884
County,Alamance,2018,Number,1958
County,Alamance,2013,Number,1784
County,Alamance,2008,Number,2015
County,Alamance,2007,Number,2017
County,Alamance,2006,Number,1918
County,Alamance,2005,Number,1820
County,Alamance,2004,Number,1769
County,Alamance,2003,Number,1838
County,Alamance,2002,Number,1814
County,Alamance,2001,Number,1899
County,Alamance,2000,Number,1902
County,Alamance,1999,Number,1771
County,Alamance,1998,Number,1656
County,Alamance,1997,Number,1725
County,Alamance,1996,Number,1578
County,Alamance,1995,Number,1429
County,Alamance,2020,Number,1831
County,Alamance,2021,Number,1930
County,Alamance,2022,Number,1960
County,Alamance,2023,Number,1888
County,Alamance,2024,Number,2039
County,Alamance,2019,Number,1863
County,Alexander,1995,Number,364
County,Alexander,1996,Number,391
County,Alexander,1997,Number,432
County,Alexander,1998,Number,423
County,Alexander,1999,Number,448
County,Alexander,2000,Number,468
County,Alexander,2001,Number,414
County,Alexander,2002,Number,401
County,Alexander,2003,Number,413
County,Alexander,2004,Number,393
County,Alexander,2005,Number,426
County,Alexander,2006,Number,420
County,Alexander,2007,Number,444
County,Alexander,2008,Number,401
County,Alexander,2013,Number,358
County,Alexander,2018,Number,344
County,Alexander,2009,Number,403
County,Alexander,2010,Number,383
County,Alexander,2011,Number,318
County,Alexander,2015,Number,343
County,Alexander,2012,Number,386
County,Alexander,2016,Number,343
County,Alexander,2014,Number,351
County,Alexander,2017,Number,377
County,Alexander,2020,Number,346
County,Alexander,2021,Number,371
County,Alexander,2022,Number,335
County,Alexander,2023,Number,349
County,Alexander,2024,Number,363
County,Alexander,2019,Number,357
County,Alleghany,2017,Number,102
County,Alleghany,2014,Number,99
County,Alleghany,2016,Number,95
County,Alleghany,2012,Number,88
County,Alleghany,2015,Number,104
County,Alleghany,2011,Number,84
County,Alleghany,2010,Number,100
County,Alleghany,2009,Number,110
County,Alleghany,2018,Number,91
County,Alleghany,2013,Number,94
County,Alleghany,2008,Number,98
County,Alleghany,2007,Number,112
County,Alleghany,2006,Number,103
County,Alleghany,2005,Number,109
County,Alleghany,2004,Number,98
County,Alleghany,2003,Number,80
County,Alleghany,2002,Number,100
County,Alleghany,2001,Number,104
County,Alleghany,2000,Number,126
County,Alleghany,1999,Number,99
County,Alleghany,1998,Number,110
County,Alleghany,1997,Number,100
County,Alleghany,1996,Number,92
County,Alleghany,1995,Number,
County,Alleghany,2020,Number,96
County,Alleghany,2021,Number,110
County,Alleghany,2022,Number,105
County,Alleghany,2023,Number,104
County,Alleghany,2024,Number,96
County,Alleghany,2019,Number,79
County,Anson,1995,Number,297
County,Anson,1996,Number,338
County,Anson,1997,Number,335
County,Anson,1998,Number,339
County,Anson,1999,Number,341
County,Anson,2000,Number,353
County,Anson,2001,Number,323
County,Anson,2002,Number,321
County,Anson,2003,Number,361
County,Anson,2004,Number,285
County,Anson,2005,Number,302
County,Anson,2006,Number,328
County,Anson,2007,Number,303
County,Anson,2008,Number,313
County,Anson,2013,Number,262
County,Anson,2018,Number,263
County,Anson,2009,Number,272
County,Anson,2010,Number,279
County,Anson,2011,Number,283
County,Anson,2015,Number,230
County,Anson,2012,Number,244
County,Anson,2016,Number,266
County,Anson,2014,Number,237
County,Anson,2017,Number,256
County,Anson,2020,Number,278
County,Anson,2021,Number,263
County,Anson,2022,Number,269
County,Anson,2023,Number,259
County,Anson,2024,Number,252
County,Anson,2019,Number,254
County,Ashe,2017,Number,216
County,Ashe,2014,Number,223
County,Ashe,2016,Number,209
County,Ashe,2012,Number,256
County,Ashe,2011,Number,230
County,Ashe,2015,Number,214
County,Ashe,2010,Number,268
County,Ashe,2009,Number,261
County,Ashe,2018,Number,199
County,Ashe,2013,Number,245
County,Ashe,2008,Number,267
County,Ashe,2007,Number,296
County,Ashe,2006,Number,287
County,Ashe,2005,Number,274
County,Ashe,2004,Number,261
County,Ashe,2003,Number,273
County,Ashe,2002,Number,219
County,Ashe,2001,Number,275
County,Ashe,2000,Number,257
County,Ashe,1999,Number,290
County,Ashe,1998,Number,237
County,Ashe,1997,Number,261
County,Ashe,1996,Number,262
County,Ashe,1995,Number,208
County,Ashe,2020,Number,233
County,Ashe,2021,Number,211
County,Ashe,2022,Number,200
County,Ashe,2023,Number,194
County,Ashe,2024,Number,201
County,Ashe,2019,Number,204
County,Avery,1995,Number,175
County,Avery,1996,Number,155
County,Avery,1997,Number,174
County,Avery,1998,Number,172
County,Avery,1999,Number,162
County,Avery,2000,Number,184
County,Avery,2001,Number,180
County,Avery,2002,Number,161
County,Avery,2003,Number,186
County,Avery,2004,Number,143
County,Avery,2005,Number,165
County,Avery,2006,Number,187
County,Avery,2007,Number,198
County,Avery,2008,Number,159
County,Avery,2013,Number,152
County,Avery,2018,Number,163
County,Avery,2009,Number,159
County,Avery,2010,Number,173
County,Avery,2015,Number,147
County,Avery,2011,Number,142
County,Avery,2012,Number,143
County,Avery,2016,Number,149
County,Avery,2014,Number,114
County,Avery,2017,Number,109
County,Avery,2020,Number,233
County,Avery,2021,Number,138
County,Avery,2022,Number,139
County,Avery,2023,Number,143
County,Avery,2024,Number,106
County,Avery,2019,Number,135
County,Beaufort,2017,Number,470
County,Beaufort,2014,Number,447
County,Beaufort,2016,Number,431
County,Beaufort,2012,Number,508
County,Beaufort,2011,Number,491
County,Beaufort,2015,Number,486
County,Beaufort,2010,Number,549
County,Beaufort,2009,Number,586
County,Beaufort,2018,Number,416
County,Beaufort,2013,Number,488
County,Beaufort,2008,Number,560
County,Beaufort,2007,Number,604
County,Beaufort,2006,Number,594
County,Beaufort,2005,Number,567
County,Beaufort,2004,Number,594
County,Beaufort,2003,Number,561
County,Beaufort,2002,Number,631
County,Beaufort,2001,Number,649
County,Beaufort,2000,Number,641
County,Beaufort,1999,Number,639
County,Beaufort,1998,Number,587
County,Beaufort,1997,Number,553
County,Beaufort,1996,Number,539
County,Beaufort,1995,Number,592
County,Beaufort,2020,Number,428
County,Beaufort,2021,Number,456
County,Beaufort,2022,Number,428
County,Beaufort,2023,Number,433
County,Beaufort,2024,Number,442
County,Beaufort,2019,Number,433
County,Bertie,1995,Number,276
County,Bertie,1996,Number,293
County,Bertie,1997,Number,269
County,Bertie,1998,Number,240
County,Bertie,1999,Number,252
County,Bertie,2000,Number,249
County,Bertie,2001,Number,281
County,Bertie,2002,Number,255
County,Bertie,2003,Number,238
County,Bertie,2004,Number,231
County,Bertie,2005,Number,230
County,Bertie,2006,Number,249
County,Bertie,2007,Number,233
County,Bertie,2008,Number,258
County,Bertie,2013,Number,186
County,Bertie,2018,Number,179
County,Bertie,2009,Number,228
County,Bertie,2010,Number,199
County,Bertie,2015,Number,169
County,Bertie,2011,Number,202
County,Bertie,2012,Number,179
County,Bertie,2016,Number,190
County,Bertie,2014,Number,164
County,Bertie,2017,Number,171
County,Bertie,2020,Number,178
County,Bertie,2021,Number,158
County,Bertie,2022,Number,149
County,Bertie,2023,Number,161
County,Bertie,2024,Number,157
County,Bertie,2019,Number,161
County,Bladen,2017,Number,325
County,Bladen,2014,Number,363
County,Bladen,2016,Number,333
County,Bladen,2012,Number,370
County,Bladen,2011,Number,342
County,Bladen,2015,Number,351
County,Bladen,2010,Number,370
County,Bladen,2009,Number,378
County,Bladen,2018,Number,371
County,Bladen,2013,Number,363
County,Bladen,2008,Number,412
County,Bladen,2007,Number,425
County,Bladen,2006,Number,478
County,Bladen,2005,Number,439
County,Bladen,2004,Number,467
County,Bladen,2003,Number,443
County,Bladen,2002,Number,434
County,Bladen,2001,Number,486
County,Bladen,2000,Number,482
County,Bladen,1999,Number,460
County,Bladen,1998,Number,468
County,Bladen,1997,Number,461
County,Bladen,1996,Number,420
County,Bladen,1995,Number,364
County,Bladen,2020,Number,344
County,Bladen,2021,Number,352
County,Bladen,2022,Number,353
County,Bladen,2023,Number,378
County,Bladen,2024,Number,310
County,Bladen,2019,Number,344
County,Brunswick,1995,Number,693
County,Brunswick,1996,Number,729
County,Brunswick,1997,Number,748
County,Brunswick,1998,Number,764
County,Brunswick,1999,Number,814
County,Brunswick,2000,Number,854
County,Brunswick,2001,Number,905
County,Brunswick,2002,Number,813
County,Brunswick,2003,Number,877
County,Brunswick,2004,Number,895
County,Brunswick,2005,Number,967
County,Brunswick,2006,Number,1077
County,Brunswick,2007,Number,1159
County,Brunswick,2008,Number,1170
County,Brunswick,2013,Number,1005
County,Brunswick,2018,Number,987
County,Brunswick,2009,Number,1112
County,Brunswick,2010,Number,1046
County,Brunswick,2015,Number,1044
County,Brunswick,2011,Number,1047
County,Brunswick,2012,Number,1033
County,Brunswick,2016,Number,978
County,Brunswick,2014,Number,1102
County,Brunswick,2017,Number,1007
County,Brunswick,2020,Number,1000
County,Brunswick,2021,Number,1114
County,Brunswick,2022,Number,1149
County,Brunswick,2023,Number,1176
County,Brunswick,2024,Number,1298
County,Brunswick,2019,Number,1026
County,Buncombe,2017,Number,2392
County,Buncombe,2014,Number,2576
County,Buncombe,2016,Number,2595
County,Buncombe,2012,Number,2607
County,Buncombe,2011,Number,2545
County,Buncombe,2015,Number,2625
County,Buncombe,2010,Number,2568
County,Buncombe,2009,Number,2675
County,Buncombe,2018,Number,2482
County,Buncombe,2013,Number,2665
County,Buncombe,2008,Number,2738
County,Buncombe,2007,Number,2864
County,Buncombe,2006,Number,2755
County,Buncombe,2005,Number,2621
County,Buncombe,2004,Number,2576
County,Buncombe,2003,Number,2505
County,Buncombe,2002,Number,2564
County,Buncombe,2001,Number,2490
County,Buncombe,2000,Number,2597
County,Buncombe,1999,Number,2472
County,Buncombe,1998,Number,2492
County,Buncombe,1997,Number,2249
County,Buncombe,1996,Number,2357
County,Buncombe,1995,Number,2222
County,Buncombe,2020,Number,2327
County,Buncombe,2021,Number,2447
County,Buncombe,2022,Number,2399
County,Buncombe,2023,Number,2388
County,Buncombe,2024,Number,2261
County,Buncombe,2019,Number,2464
County,Burke,1995,Number,1064
County,Burke,1996,Number,1130
County,Burke,1997,Number,1056
County,Burke,1998,Number,1152
County,Burke,1999,Number,1114
County,Burke,2000,Number,1167
County,Burke,2001,Number,1059
County,Burke,2002,Number,1047
County,Burke,2003,Number,964
County,Burke,2004,Number,1007
County,Burke,2005,Number,992
County,Burke,2006,Number,1018
County,Burke,2007,Number,1014
County,Burke,2008,Number,1078
County,Burke,2013,Number,819
County,Burke,2018,Number,863
County,Burke,2009,Number,970
County,Burke,2010,Number,867
County,Burke,2015,Number,901
County,Burke,2011,Number,861
County,Burke,2012,Number,882
County,Burke,2016,Number,900
County,Burke,2014,Number,885
County,Burke,2017,Number,927
County,Burke,2020,Number,798
County,Burke,2021,Number,884
County,Burke,2022,Number,849
County,Burke,2023,Number,850
County,Burke,2024,Number,897
County,Burke,2019,Number,890
County,Cabarrus,2017,Number,2593
County,Cabarrus,2014,Number,2335
County,Cabarrus,2016,Number,2477
County,Cabarrus,2012,Number,2273
County,Cabarrus,2011,Number,2295
County,Cabarrus,2015,Number,2458
County,Cabarrus,2010,Number,2358
County,Cabarrus,2009,Number,2535
County,Cabarrus,2018,Number,2509
County,Cabarrus,2013,Number,2312
County,Cabarrus,2008,Number,2726
County,Cabarrus,2007,Number,2610
County,Cabarrus,2006,Number,2514
County,Cabarrus,2005,Number,2389
County,Cabarrus,2004,Number,2268
County,Cabarrus,2003,Number,2237
County,Cabarrus,2002,Number,2190
County,Cabarrus,2001,Number,2197
County,Cabarrus,2000,Number,2136
County,Cabarrus,1999,Number,1884
County,Cabarrus,1998,Number,1789
County,Cabarrus,1997,Number,1679
County,Cabarrus,1996,Number,1530
County,Cabarrus,1995,Number,1512
County,Cabarrus,2020,Number,2541
County,Cabarrus,2021,Number,2684
County,Cabarrus,2022,Number,2747
County,Cabarrus,2023,Number,2665
County,Cabarrus,2024,Number,2725
County,Cabarrus,2019,Number,2537
County,Caldwell,1995,Number,948
County,Caldwell,1996,Number,958
County,Caldwell,1997,Number,944
County,Caldwell,1998,Number,1088
County,Caldwell,1999,Number,1040
County,Caldwell,2000,Number,1053
County,Caldwell,2001,Number,962
County,Caldwell,2002,Number,943
County,Caldwell,2003,Number,901
County,Caldwell,2004,Number,958
County,Caldwell,2005,Number,929
County,Caldwell,2006,Number,937
County,Caldwell,2007,Number,934
County,Caldwell,2008,Number,874
County,Caldwell,2013,Number,795
County,Caldwell,2018,Number,777
County,Caldwell,2009,Number,836
County,Caldwell,2010,Number,819
County,Caldwell,2015,Number,800
County,Caldwell,2011,Number,803
County,Caldwell,2012,Number,783
County,Caldwell,2016,Number,822
County,Caldwell,2014,Number,828
County,Caldwell,2017,Number,783
County,Caldwell,2020,Number,733
County,Caldwell,2021,Number,720
County,Caldwell,2022,Number,789
County,Caldwell,2023,Number,777
County,Caldwell,2024,Number,785
County,Caldwell,2019,Number,882
County,Camden,2017,Number,89
County,Camden,2014,Number,98
County,Camden,2016,Number,90
County,Camden,2012,Number,83
County,Camden,2011,Number,85
County,Camden,2015,Number,90
County,Camden,2010,Number,92
County,Camden,2009,Number,101
County,Camden,2018,Number,98
County,Camden,2013,Number,95
County,Camden,2008,Number,93
County,Camden,2007,Number,110
County,Camden,2006,Number,108
County,Camden,2005,Number,98
County,Camden,2004,Number,107
County,Camden,2003,Number,110
County,Camden,2002,Number,72
County,Camden,2001,Number,73
County,Camden,2000,Number,76
County,Camden,1999,Number,77
County,Camden,1998,Number,40
County,Camden,1997,Number,31
County,Camden,1996,Number,76
County,Camden,1995,Number,
County,Camden,2020,Number,97
County,Camden,2021,Number,82
County,Camden,2022,Number,87
County,Camden,2023,Number,98
County,Camden,2024,Number,42
County,Camden,2019,Number,104
County,Carteret,1995,Number,606
County,Carteret,1996,Number,588
County,Carteret,1997,Number,626
County,Carteret,1998,Number,625
County,Carteret,1999,Number,616
County,Carteret,2000,Number,637
County,Carteret,2001,Number,576
County,Carteret,2002,Number,577
County,Carteret,2003,Number,590
County,Carteret,2004,Number,649
County,Carteret,2005,Number,679
County,Carteret,2006,Number,658
County,Carteret,2007,Number,643
County,Carteret,2008,Number,605
County,Carteret,2013,Number,659
County,Carteret,2018,Number,501
County,Carteret,2009,Number,585
County,Carteret,2010,Number,623
County,Carteret,2015,Number,612
County,Carteret,2011,Number,632
County,Carteret,2012,Number,603
County,Carteret,2016,Number,546
County,Carteret,2014,Number,581
County,Carteret,2017,Number,567
County,Carteret,2020,Number,475
County,Carteret,2021,Number,494
County,Carteret,2022,Number,490
County,Carteret,2023,Number,483
County,Carteret,2024,Number,499
County,Carteret,2019,Number,521
County,Caswell,2017,Number,204
County,Caswell,2014,Number,210
County,Caswell,2016,Number,203
County,Caswell,2012,Number,204
County,Caswell,2011,Number,230
County,Caswell,2015,Number,191
County,Caswell,2010,Number,182
County,Caswell,2009,Number,208
County,Caswell,2018,Number,218
County,Caswell,2013,Number,216
County,Caswell,2008,Number,226
County,Caswell,2007,Number,210
County,Caswell,2006,Number,206
County,Caswell,2005,Number,260
County,Caswell,2004,Number,212
County,Caswell,2003,Number,246
County,Caswell,2002,Number,267
County,Caswell,2001,Number,245
County,Caswell,2000,Number,262
County,Caswell,1999,Number,276
County,Caswell,1998,Number,253
County,Caswell,1997,Number,248
County,Caswell,1996,Number,237
County,Caswell,1995,Number,217
County,Caswell,2020,Number,175
County,Caswell,2021,Number,184
County,Caswell,2022,Number,202
County,Caswell,2023,Number,201
County,Caswell,2024,Number,185
County,Caswell,2019,Number,209
County,Catawba,1995,Number,1750
County,Catawba,1996,Number,1654
County,Catawba,1997,Number,1797
County,Catawba,1998,Number,1874
County,Catawba,1999,Number,1960
County,Catawba,2000,Number,2139
County,Catawba,2001,Number,2051
County,Catawba,2002,Number,2079
County,Catawba,2003,Number,2033
County,Catawba,2004,Number,1943
County,Catawba,2005,Number,2006
County,Catawba,2006,Number,2057
County,Catawba,2007,Number,2097
County,Catawba,2008,Number,2017
County,Catawba,2013,Number,1672
County,Catawba,2018,Number,1693
County,Catawba,2009,Number,1903
County,Catawba,2010,Number,1829
County,Catawba,2015,Number,1754
County,Catawba,2011,Number,1772
County,Catawba,2012,Number,1828
County,Catawba,2016,Number,1664
County,Catawba,2014,Number,1806
County,Catawba,2017,Number,1652
County,Catawba,2020,Number,1593
County,Catawba,2021,Number,1674
County,Catawba,2022,Number,1651
County,Catawba,2023,Number,1674
County,Catawba,2024,Number,1715
County,Catawba,2019,Number,1687
County,Chatham,2017,Number,663
County,Chatham,2014,Number,610
County,Chatham,2016,Number,640
County,Chatham,2012,Number,603
County,Chatham,2011,Number,645
County,Chatham,2015,Number,665
County,Chatham,2010,Number,654
County,Chatham,2009,Number,675
County,Chatham,2018,Number,650
County,Chatham,2013,Number,609
County,Chatham,2008,Number,758
County,Chatham,2007,Number,734
County,Chatham,2006,Number,749
County,Chatham,2005,Number,746
County,Chatham,2004,Number,723
County,Chatham,2003,Number,686
County,Chatham,2002,Number,696
County,Chatham,2001,Number,648
County,Chatham,2000,Number,665
County,Chatham,1999,Number,668
County,Chatham,1998,Number,664
County,Chatham,1997,Number,593
County,Chatham,1996,Number,588
County,Chatham,1995,Number,533
County,Chatham,2020,Number,645
County,Chatham,2021,Number,652
County,Chatham,2022,Number,713
County,Chatham,2023,Number,714
County,Chatham,2024,Number,671
County,Chatham,2019,Number,609
County,Cherokee,1995,Number,238
County,Cherokee,1996,Number,240
County,Cherokee,1997,Number,278
County,Cherokee,1998,Number,261
County,Cherokee,1999,Number,257
County,Cherokee,2000,Number,266
County,Cherokee,2001,Number,267
County,Cherokee,2002,Number,270
County,Cherokee,2003,Number,262
County,Cherokee,2004,Number,259
County,Cherokee,2005,Number,273
County,Cherokee,2006,Number,301
County,Cherokee,2007,Number,223
County,Cherokee,2008,Number,257
County,Cherokee,2013,Number,213
County,Cherokee,2018,Number,258
County,Cherokee,2009,Number,260
County,Cherokee,2010,Number,225
County,Cherokee,2015,Number,222
County,Cherokee,2011,Number,239
County,Cherokee,2012,Number,208
County,Cherokee,2016,Number,257
County,Cherokee,2014,Number,210
County,Cherokee,2017,Number,221
County,Cherokee,2020,Number,243
County,Cherokee,2021,Number,244
County,Cherokee,2022,Number,240
County,Cherokee,2023,Number,247
County,Cherokee,2024,Number,38
County,Cherokee,2019,Number,245
County,Chowan,2017,Number,134
County,Chowan,2014,Number,124
County,Chowan,2016,Number,113
County,Chowan,2012,Number,144
County,Chowan,2011,Number,173
County,Chowan,2015,Number,166
County,Chowan,2010,Number,152
County,Chowan,2009,Number,187
County,Chowan,2018,Number,143
County,Chowan,2013,Number,167
County,Chowan,2008,Number,177
County,Chowan,2007,Number,208
County,Chowan,2006,Number,184
County,Chowan,2005,Number,174
County,Chowan,2004,Number,182
County,Chowan,2003,Number,145
County,Chowan,2002,Number,187
County,Chowan,2001,Number,201
County,Chowan,2000,Number,188
County,Chowan,1999,Number,177
County,Chowan,1998,Number,236
County,Chowan,1997,Number,205
County,Chowan,1996,Number,187
County,Chowan,1995,Number,
County,Chowan,2020,Number,139
County,Chowan,2021,Number,147
County,Chowan,2022,Number,127
County,Chowan,2023,Number,144
County,Chowan,2024,Number,142
County,Chowan,2019,Number,123
County,Clay,1995,Number,
County,Clay,1996,Number,53
County,Clay,1997,Number,77
County,Clay,1998,Number,66
County,Clay,1999,Number,65
County,Clay,2000,Number,77
County,Clay,2001,Number,70
County,Clay,2002,Number,90
County,Clay,2003,Number,92
County,Clay,2004,Number,85
County,Clay,2005,Number,88
County,Clay,2006,Number,90
County,Clay,2007,Number,66
County,Clay,2008,Number,88
County,Clay,2013,Number,88
County,Clay,2018,Number,83
County,Clay,2009,Number,94
County,Clay,2010,Number,78
County,Clay,2015,Number,83
County,Clay,2011,Number,79
County,Clay,2012,Number,84
County,Clay,2016,Number,101
County,Clay,2014,Number,78
County,Clay,2017,Number,89
County,Clay,2020,Number,96
County,Clay,2021,Number,76
County,Clay,2022,Number,76
County,Clay,2023,Number,87
County,Clay,2024,Number,9
County,Clay,2019,Number,86
County,Cleveland,2017,Number,1065
County,Cleveland,2014,Number,1055
County,Cleveland,2016,Number,1059
County,Cleveland,2012,Number,1095
County,Cleveland,2011,Number,1088
County,Cleveland,2015,Number,1084
County,Cleveland,2010,Number,1127
County,Cleveland,2009,Number,1200
County,Cleveland,2018,Number,1162
County,Cleveland,2013,Number,1052
County,Cleveland,2008,Number,1240
County,Cleveland,2007,Number,1200
County,Cleveland,2006,Number,1166
County,Cleveland,2005,Number,1144
County,Cleveland,2004,Number,1184
County,Cleveland,2003,Number,1214
County,Cleveland,2002,Number,1202
County,Cleveland,2001,Number,1296
County,Cleveland,2000,Number,1334
County,Cleveland,1999,Number,1234
County,Cleveland,1998,Number,1340
County,Cleveland,1997,Number,1257
County,Cleveland,1996,Number,1291
County,Cleveland,1995,Number,1250
County,Cleveland,2020,Number,1079
County,Cleveland,2021,Number,1160
County,Cleveland,2022,Number,1100
County,Cleveland,2023,Number,1154
County,Cleveland,2024,Number,1069
County,Cleveland,2019,Number,1146
County,Columbus,1995,Number,736
County,Columbus,1996,Number,719
County,Columbus,1997,Number,783
County,Columbus,1998,Number,821
County,Columbus,1999,Number,838
County,Columbus,2000,Number,809
County,Columbus,2001,Number,804
County,Columbus,2002,Number,771
County,Columbus,2003,Number,756
County,Columbus,2004,Number,741
County,Columbus,2005,Number,744
County,Columbus,2006,Number,723
County,Columbus,2007,Number,797
County,Columbus,2008,Number,734
County,Columbus,2013,Number,652
County,Columbus,2018,Number,566
County,Columbus,2009,Number,686
County,Columbus,2010,Number,672
County,Columbus,2015,Number,600
County,Columbus,2011,Number,652
County,Columbus,2012,Number,623
County,Columbus,2016,Number,593
County,Columbus,2014,Number,608
County,Columbus,2017,Number,578
County,Columbus,2020,Number,572
County,Columbus,2021,Number,608
County,Columbus,2022,Number,596
County,Columbus,2023,Number,578
County,Columbus,2024,Number,501
County,Columbus,2019,Number,562
County,Craven,2017,Number,1386
County,Craven,2014,Number,1500
County,Craven,2016,Number,1439
County,Craven,2012,Number,1623
County,Craven,2011,Number,1644
County,Craven,2015,Number,1454
County,Craven,2010,Number,1708
County,Craven,2009,Number,1676
County,Craven,2018,Number,1337
County,Craven,2013,Number,1504
County,Craven,2008,Number,1734
County,Craven,2007,Number,1609
County,Craven,2006,Number,1630
County,Craven,2005,Number,1527
County,Craven,2004,Number,1582
County,Craven,2003,Number,1537
County,Craven,2002,Number,1519
County,Craven,2001,Number,1575
County,Craven,2000,Number,1652
County,Craven,1999,Number,1612
County,Craven,1998,Number,1596
County,Craven,1997,Number,1620
County,Craven,1996,Number,1488
County,Craven,1995,Number,1471
County,Craven,2020,Number,1312
County,Craven,2021,Number,1235
County,Craven,2022,Number,1293
County,Craven,2023,Number,1232
County,Craven,2024,Number,1292
County,Craven,2019,Number,1319
County,Cumberland,1995,Number,5761
County,Cumberland,1996,Number,5623
County,Cumberland,1997,Number,5550
County,Cumberland,1998,Number,5619
County,Cumberland,1999,Number,5444
County,Cumberland,2000,Number,5665
County,Cumberland,2001,Number,5315
County,Cumberland,2002,Number,5433
County,Cumberland,2003,Number,5274
County,Cumberland,2004,Number,5226
County,Cumberland,2005,Number,5529
County,Cumberland,2006,Number,5586
County,Cumberland,2007,Number,5653
County,Cumberland,2008,Number,5702
County,Cumberland,2013,Number,5691
County,Cumberland,2018,Number,5402
County,Cumberland,2009,Number,6196
County,Cumberland,2010,Number,5837
County,Cumberland,2015,Number,5413
County,Cumberland,2011,Number,6071
County,Cumberland,2012,Number,5534
County,Cumberland,2016,Number,5446
County,Cumberland,2014,Number,5700
County,Cumberland,2017,Number,5506
County,Cumberland,2020,Number,5120
County,Cumberland,2021,Number,5239
County,Cumberland,2022,Number,5282
County,Cumberland,2023,Number,5088
County,Cumberland,2024,Number,5052
County,Cumberland,2019,Number,5462
County,Currituck,2017,Number,257
County,Currituck,2014,Number,260
County,Currituck,2016,Number,262
County,Currituck,2012,Number,209
County,Currituck,2011,Number,232
County,Currituck,2015,Number,260
County,Currituck,2010,Number,243
County,Currituck,2009,Number,228
County,Currituck,2018,Number,263
County,Currituck,2013,Number,256
County,Currituck,2008,Number,220
County,Currituck,2007,Number,269
County,Currituck,2006,Number,242
County,Currituck,2005,Number,256
County,Currituck,2004,Number,265
County,Currituck,2003,Number,232
County,Currituck,2002,Number,211
County,Currituck,2001,Number,211
County,Currituck,2000,Number,236
County,Currituck,1999,Number,205
County,Currituck,1998,Number,187
County,Currituck,1997,Number,160
County,Currituck,1996,Number,186
County,Currituck,1995,Number,165
County,Currituck,2020,Number,291
County,Currituck,2021,Number,340
County,Currituck,2022,Number,338
County,Currituck,2023,Number,303
County,Currituck,2024,Number,94
County,Currituck,2019,Number,259
County,Dare,1995,Number,323
County,Dare,1996,Number,282
County,Dare,1997,Number,302
County,Dare,1998,Number,312
County,Dare,1999,Number,318
County,Dare,2000,Number,350
County,Dare,2001,Number,354
County,Dare,2002,Number,354
County,Dare,2003,Number,429
County,Dare,2004,Number,489
County,Dare,2005,Number,460
County,Dare,2006,Number,468
County,Dare,2007,Number,406
County,Dare,2008,Number,419
County,Dare,2013,Number,339
County,Dare,2018,Number,318
County,Dare,2009,Number,383
County,Dare,2010,Number,375
County,Dare,2015,Number,348
County,Dare,2011,Number,366
County,Dare,2012,Number,392
County,Dare,2016,Number,319
County,Dare,2014,Number,351
County,Dare,2017,Number,344
County,Dare,2020,Number,339
County,Dare,2021,Number,295
County,Dare,2022,Number,284
County,Dare,2023,Number,290
County,Dare,2024,Number,240
County,Dare,2019,Number,310
County,Davidson,2017,Number,1762
County,Davidson,2014,Number,1756
County,Davidson,2016,Number,1771
County,Davidson,2012,Number,1666
County,Davidson,2011,Number,1747
County,Davidson,2015,Number,1749
County,Davidson,2010,Number,1729
County,Davidson,2009,Number,1887
County,Davidson,2018,Number,1751
County,Davidson,2013,Number,1725
County,Davidson,2008,Number,1997
County,Davidson,2007,Number,1915
County,Davidson,2006,Number,1921
County,Davidson,2005,Number,1921
County,Davidson,2004,Number,1883
County,Davidson,2003,Number,1940
County,Davidson,2002,Number,1903
County,Davidson,2001,Number,1927
County,Davidson,2000,Number,1973
County,Davidson,1999,Number,1885
County,Davidson,1998,Number,1843
County,Davidson,1997,Number,1736
County,Davidson,1996,Number,1847
County,Davidson,1995,Number,1728
County,Davidson,2020,Number,1699
County,Davidson,2021,Number,1792
County,Davidson,2022,Number,1752
County,Davidson,2023,Number,1802
County,Davidson,2024,Number,1823
County,Davidson,2019,Number,1775
County,Davie,1995,Number,370
County,Davie,1996,Number,337
County,Davie,1997,Number,382
County,Davie,1998,Number,405
County,Davie,1999,Number,420
County,Davie,2000,Number,482
County,Davie,2001,Number,452
County,Davie,2002,Number,431
County,Davie,2003,Number,411
County,Davie,2004,Number,419
County,Davie,2005,Number,462
County,Davie,2006,Number,471
County,Davie,2007,Number,430
County,Davie,2008,Number,454
County,Davie,2013,Number,367
County,Davie,2018,Number,398
County,Davie,2009,Number,466
County,Davie,2010,Number,382
County,Davie,2015,Number,388
County,Davie,2011,Number,378
County,Davie,2012,Number,410
County,Davie,2016,Number,420
County,Davie,2014,Number,361
County,Davie,2017,Number,369
County,Davie,2020,Number,388
County,Davie,2021,Number,412
County,Davie,2022,Number,420
County,Davie,2023,Number,377
County,Davie,2024,Number,442
County,Davie,2019,Number,402
County,Duplin,2017,Number,653
County,Duplin,2014,Number,772
County,Duplin,2016,Number,706
County,Duplin,2012,Number,746
County,Duplin,2011,Number,803
County,Duplin,2015,Number,748
County,Duplin,2010,Number,782
County,Duplin,2009,Number,821
County,Duplin,2018,Number,707
County,Duplin,2013,Number,747
County,Duplin,2008,Number,808
County,Duplin,2007,Number,847
County,Duplin,2006,Number,832
County,Duplin,2005,Number,836
County,Duplin,2004,Number,795
County,Duplin,2003,Number,728
County,Duplin,2002,Number,802
County,Duplin,2001,Number,787
County,Duplin,2000,Number,832
County,Duplin,1999,Number,758
County,Duplin,1998,Number,750
County,Duplin,1997,Number,759
County,Duplin,1996,Number,712
County,Duplin,1995,Number,667
County,Duplin,2020,Number,699
County,Duplin,2021,Number,725
County,Duplin,2022,Number,715
County,Duplin,2023,Number,709
County,Duplin,2024,Number,709
County,Duplin,2019,Number,718
County,Durham,1995,Number,2957
County,Durham,1996,Number,3020
County,Durham,1997,Number,3235
County,Durham,1998,Number,3288
County,Durham,1999,Number,3511
County,Durham,2000,Number,3768
County,Durham,2001,Number,3832
County,Durham,2002,Number,3901
County,Durham,2003,Number,3867
County,Durham,2004,Number,3841
County,Durham,2005,Number,4059
County,Durham,2006,Number,4194
County,Durham,2007,Number,4375
County,Durham,2008,Number,4624
County,Durham,2013,Number,4192
County,Durham,2018,Number,4151
County,Durham,2009,Number,4423
County,Durham,2010,Number,4257
County,Durham,2015,Number,4231
County,Durham,2011,Number,4231
County,Durham,2012,Number,4321
County,Durham,2016,Number,4346
County,Durham,2014,Number,4503
County,Durham,2017,Number,4182
County,Durham,2020,Number,4012
County,Durham,2021,Number,4245
County,Durham,2022,Number,4082
County,Durham,2023,Number,4068
County,Durham,2024,Number,4185
County,Durham,2019,Number,4158
County,Edgecombe,2017,Number,631
County,Edgecombe,2014,Number,601
County,Edgecombe,2016,Number,567
County,Edgecombe,2012,Number,676
County,Edgecombe,2011,Number,655
County,Edgecombe,2015,Number,638
County,Edgecombe,2010,Number,741
County,Edgecombe,2009,Number,704
County,Edgecombe,2018,Number,593
County,Edgecombe,2013,Number,632
County,Edgecombe,2008,Number,786
County,Edgecombe,2007,Number,836
County,Edgecombe,2006,Number,699
County,Edgecombe,2005,Number,719
County,Edgecombe,2004,Number,784
County,Edgecombe,2003,Number,710
County,Edgecombe,2002,Number,747
County,Edgecombe,2001,Number,808
County,Edgecombe,2000,Number,856
County,Edgecombe,1999,Number,814
County,Edgecombe,1998,Number,823
County,Edgecombe,1997,Number,817
County,Edgecombe,1996,Number,849
County,Edgecombe,1995,Number,882
County,Edgecombe,2020,Number,593
County,Edgecombe,2021,Number,610
County,Edgecombe,2022,Number,571
County,Edgecombe,2023,Number,560
County,Edgecombe,2024,Number,575
County,Edgecombe,2019,Number,572
County,Forsyth,1995,Number,4104
County,Forsyth,1996,Number,3999
County,Forsyth,1997,Number,4278
County,Forsyth,1998,Number,4336
County,Forsyth,1999,Number,4469
County,Forsyth,2000,Number,4588
County,Forsyth,2001,Number,4644
County,Forsyth,2002,Number,4520
County,Forsyth,2003,Number,4628
County,Forsyth,2004,Number,4597
County,Forsyth,2005,Number,4726
County,Forsyth,2006,Number,4996
County,Forsyth,2007,Number,5134
County,Forsyth,2008,Number,5096
County,Forsyth,2013,Number,4522
County,Forsyth,2018,Number,4330
County,Forsyth,2009,Number,4834
County,Forsyth,2010,Number,4693
County,Forsyth,2015,Number,4340
County,Forsyth,2011,Number,4581
County,Forsyth,2012,Number,4624
County,Forsyth,2016,Number,4495
County,Forsyth,2014,Number,4548
County,Forsyth,2017,Number,4372
County,Forsyth,2020,Number,4290
County,Forsyth,2021,Number,4437
County,Forsyth,2022,Number,4554
County,Forsyth,2023,Number,4385
County,Forsyth,2024,Number,4481
County,Forsyth,2019,Number,4410
County,Franklin,2017,Number,719
County,Franklin,2014,Number,664
County,Franklin,2016,Number,683
County,Franklin,2012,Number,672
County,Franklin,2011,Number,655
County,Franklin,2015,Number,725
County,Franklin,2010,Number,685
County,Franklin,2009,Number,646
County,Franklin,2018,Number,697
County,Franklin,2013,Number,674
County,Franklin,2008,Number,781
County,Franklin,2007,Number,699
County,Franklin,2006,Number,745
County,Franklin,2005,Number,702
County,Franklin,2004,Number,713
County,Franklin,2003,Number,637
County,Franklin,2002,Number,673
County,Franklin,2001,Number,639
County,Franklin,2000,Number,676
County,Franklin,1999,Number,602
County,Franklin,1998,Number,581
County,Franklin,1997,Number,577
County,Franklin,1996,Number,547
County,Franklin,1995,Number,533
County,Franklin,2020,Number,755
County,Franklin,2021,Number,809
County,Franklin,2022,Number,881
County,Franklin,2023,Number,921
County,Franklin,2024,Number,941
County,Franklin,2019,Number,770
County,Gaston,1995,Number,2360
County,Gaston,1996,Number,2534
County,Gaston,1997,Number,2607
County,Gaston,1998,Number,2532
County,Gaston,1999,Number,2691
County,Gaston,2000,Number,2733
County,Gaston,2001,Number,2563
County,Gaston,2002,Number,2586
County,Gaston,2003,Number,2474
County,Gaston,2004,Number,2582
County,Gaston,2005,Number,2562
County,Gaston,2006,Number,2793
County,Gaston,2007,Number,2851
County,Gaston,2008,Number,2722
County,Gaston,2013,Number,2450
County,Gaston,2018,Number,2526
County,Gaston,2009,Number,2728
County,Gaston,2010,Number,2602
County,Gaston,2015,Number,2525
County,Gaston,2011,Number,2567
County,Gaston,2012,Number,2511
County,Gaston,2016,Number,2524
County,Gaston,2014,Number,2533
County,Gaston,2017,Number,2588
County,Gaston,2020,Number,2547
County,Gaston,2021,Number,2684
County,Gaston,2022,Number,2778
County,Gaston,2023,Number,2858
County,Gaston,2024,Number,2839
County,Gaston,2019,Number,2599
County,Gates,2017,Number,100
County,Gates,2014,Number,104
County,Gates,2016,Number,111
County,Gates,2012,Number,132
County,Gates,2011,Number,97
County,Gates,2015,Number,109
County,Gates,2010,Number,115
County,Gates,2009,Number,97
County,Gates,2018,Number,94
County,Gates,2013,Number,90
County,Gates,2008,Number,123
County,Gates,2007,Number,121
County,Gates,2006,Number,135
County,Gates,2005,Number,127
County,Gates,2004,Number,113
County,Gates,2003,Number,105
County,Gates,2002,Number,111
County,Gates,2001,Number,118
County,Gates,2000,Number,106
County,Gates,1999,Number,96
County,Gates,1998,Number,111
County,Gates,1997,Number,120
County,Gates,1996,Number,83
County,Gates,1995,Number,110
County,Gates,2020,Number,97
County,Gates,2021,Number,96
County,Gates,2022,Number,94
County,Gates,2023,Number,83
County,Gates,2024,Number,28
County,Gates,2019,Number,97
County,Graham,1995,Number,
County,Graham,1996,Number,84
County,Graham,1997,Number,95
County,Graham,1998,Number,89
County,Graham,1999,Number,111
County,Graham,2000,Number,108
County,Graham,2001,Number,87
County,Graham,2002,Number,99
County,Graham,2003,Number,110
County,Graham,2004,Number,91
County,Graham,2005,Number,108
County,Graham,2006,Number,105
County,Graham,2007,Number,99
County,Graham,2008,Number,100
County,Graham,2013,Number,90
County,Graham,2018,Number,78
County,Graham,2009,Number,82
County,Graham,2010,Number,92
County,Graham,2015,Number,77
County,Graham,2011,Number,93
County,Graham,2012,Number,96
County,Graham,2016,Number,84
County,Graham,2014,Number,90
County,Graham,2017,Number,78
County,Graham,2020,Number,77
County,Graham,2021,Number,91
County,Graham,2022,Number,93
County,Graham,2023,Number,87
County,Graham,2024,Number,53
County,Graham,2019,Number,97
County,Granville,2017,Number,599
County,Granville,2014,Number,550
County,Granville,2016,Number,570
County,Granville,2012,Number,561
County,Granville,2011,Number,555
County,Granville,2015,Number,581
County,Granville,2010,Number,623
County,Granville,2009,Number,637
County,Granville,2018,Number,590
County,Granville,2013,Number,526
County,Granville,2008,Number,620
County,Granville,2007,Number,629
County,Granville,2006,Number,657
County,Granville,2005,Number,632
County,Granville,2004,Number,616
County,Granville,2003,Number,631
County,Granville,2002,Number,559
County,Granville,2001,Number,626
County,Granville,2000,Number,599
County,Granville,1999,Number,583
County,Granville,1998,Number,594
County,Granville,1997,Number,562
County,Granville,1996,Number,535
County,Granville,1995,Number,536
County,Granville,2020,Number,573
County,Granville,2021,Number,655
County,Granville,2022,Number,626
County,Granville,2023,Number,586
County,Granville,2024,Number,620
County,Granville,2019,Number,568
County,Greene,1995,Number,191
County,Greene,1996,Number,235
County,Greene,1997,Number,233
County,Greene,1998,Number,298
County,Greene,1999,Number,237
County,Greene,2000,Number,259
County,Greene,2001,Number,238
County,Greene,2002,Number,238
County,Greene,2003,Number,240
County,Greene,2004,Number,264
County,Greene,2005,Number,269
County,Greene,2006,Number,243
County,Greene,2007,Number,261
County,Greene,2008,Number,223
County,Greene,2013,Number,205
County,Greene,2018,Number,206
County,Greene,2009,Number,261
County,Greene,2010,Number,249
County,Greene,2015,Number,203
County,Greene,2011,Number,235
County,Greene,2012,Number,218
County,Greene,2016,Number,207
County,Greene,2014,Number,216
County,Greene,2017,Number,205
County,Greene,2020,Number,209
County,Greene,2021,Number,193
County,Greene,2022,Number,202
County,Greene,2023,Number,206
County,Greene,2024,Number,198
County,Greene,2019,Number,225
County,Guilford,2017,Number,6218
County,Guilford,2014,Number,6085
County,Guilford,2016,Number,6258
County,Guilford,2012,Number,6164
County,Guilford,2011,Number,6049
County,Guilford,2015,Number,6095
County,Guilford,2010,Number,6003
County,Guilford,2009,Number,6150
County,Guilford,2018,Number,6115
County,Guilford,2013,Number,6169
County,Guilford,2008,Number,6381
County,Guilford,2007,Number,6296
County,Guilford,2006,Number,6119
County,Guilford,2005,Number,6000
County,Guilford,2004,Number,5861
County,Guilford,2003,Number,5885
County,Guilford,2002,Number,5831
County,Guilford,2001,Number,5918
County,Guilford,2000,Number,6095
County,Guilford,1999,Number,5724
County,Guilford,1998,Number,5607
County,Guilford,1997,Number,5319
County,Guilford,1996,Number,5229
County,Guilford,1995,Number,5196
County,Guilford,2020,Number,5927
County,Guilford,2021,Number,5794
County,Guilford,2022,Number,5883
County,Guilford,2023,Number,5757
County,Guilford,2024,Number,5611
County,Guilford,2019,Number,6045
County,Halifax,1995,Number,802
County,Halifax,1996,Number,735
County,Halifax,1997,Number,771
County,Halifax,1998,Number,738
County,Halifax,1999,Number,735
County,Halifax,2000,Number,797
County,Halifax,2001,Number,765
County,Halifax,2002,Number,753
County,Halifax,2003,Number,739
County,Halifax,2004,Number,723
County,Halifax,2005,Number,692
County,Halifax,2006,Number,698
County,Halifax,2007,Number,729
County,Halifax,2008,Number,668
County,Halifax,2013,Number,558
County,Halifax,2018,Number,537
County,Halifax,2009,Number,653
County,Halifax,2010,Number,631
County,Halifax,2015,Number,574
County,Halifax,2011,Number,576
County,Halifax,2012,Number,586
County,Halifax,2016,Number,559
County,Halifax,2014,Number,593
County,Halifax,2017,Number,593
County,Halifax,2020,Number,526
County,Halifax,2021,Number,541
County,Halifax,2022,Number,509
County,Halifax,2023,Number,469
County,Halifax,2024,Number,506
County,Halifax,2019,Number,537
County,Harnett,2017,Number,1886
County,Harnett,2014,Number,1985
County,Harnett,2016,Number,1861
County,Harnett,2012,Number,1771
County,Harnett,2011,Number,1762
County,Harnett,2015,Number,1800
County,Harnett,2010,Number,1761
County,Harnett,2009,Number,1730
County,Harnett,2018,Number,1845
County,Harnett,2013,Number,1856
County,Harnett,2008,Number,1642
County,Harnett,2007,Number,1616
County,Harnett,2006,Number,1574
County,Harnett,2005,Number,1482
County,Harnett,2004,Number,1455
County,Harnett,2003,Number,1410
County,Harnett,2002,Number,1423
County,Harnett,2001,Number,1504
County,Harnett,2000,Number,1433
County,Harnett,1999,Number,1414
County,Harnett,1998,Number,1388
County,Harnett,1997,Number,1375
County,Harnett,1996,Number,1375
County,Harnett,1995,Number,1250
County,Harnett,2020,Number,1867
County,Harnett,2021,Number,1872
County,Harnett,2022,Number,1829
County,Harnett,2023,Number,1913
County,Harnett,2024,Number,1946
County,Harnett,2019,Number,1860
County,Haywood,1995,Number,541
County,Haywood,1996,Number,511
County,Haywood,1997,Number,555
County,Haywood,1998,Number,524
County,Haywood,1999,Number,553
County,Haywood,2000,Number,563
County,Haywood,2001,Number,541
County,Haywood,2002,Number,574
County,Haywood,2003,Number,593
County,Haywood,2004,Number,530
County,Haywood,2005,Number,586
County,Haywood,2006,Number,562
County,Haywood,2007,Number,598
County,Haywood,2008,Number,588
County,Haywood,2013,Number,545
County,Haywood,2018,Number,541
County,Haywood,2009,Number,586
County,Haywood,2010,Number,525
County,Haywood,2015,Number,597
County,Haywood,2011,Number,570
County,Haywood,2012,Number,551
County,Haywood,2016,Number,616
County,Haywood,2014,Number,562
County,Haywood,2017,Number,617
County,Haywood,2020,Number,520
County,Haywood,2021,Number,521
County,Haywood,2022,Number,522
County,Haywood,2023,Number,533
County,Haywood,2024,Number,532
County,Haywood,2019,Number,525
County,Henderson,2017,Number,1040
County,Henderson,2014,Number,1110
County,Henderson,2016,Number,1089
County,Henderson,2012,Number,1053
County,Henderson,2011,Number,1068
County,Henderson,2015,Number,1069
County,Henderson,2010,Number,1071
County,Henderson,2009,Number,1183
County,Henderson,2018,Number,1093
County,Henderson,2013,Number,1044
County,Henderson,2008,Number,1237
County,Henderson,2007,Number,1248
County,Henderson,2006,Number,1226
County,Henderson,2005,Number,1189
County,Henderson,2004,Number,1118
County,Henderson,2003,Number,1137
County,Henderson,2002,Number,1075
County,Henderson,2001,Number,1112
County,Henderson,2000,Number,1033
County,Henderson,1999,Number,1042
County,Henderson,1998,Number,1000
County,Henderson,1997,Number,925
County,Henderson,1996,Number,876
County,Henderson,1995,Number,727
County,Henderson,2020,Number,1004
County,Henderson,2021,Number,998
County,Henderson,2022,Number,1050
County,Henderson,2023,Number,1009
County,Henderson,2024,Number,967
County,Henderson,2019,Number,1022
County,Hertford,1995,Number,315
County,Hertford,1996,Number,281
County,Hertford,1997,Number,241
County,Hertford,1998,Number,290
County,Hertford,1999,Number,304
County,Hertford,2000,Number,280
County,Hertford,2001,Number,274
County,Hertford,2002,Number,279
County,Hertford,2003,Number,295
County,Hertford,2004,Number,311
County,Hertford,2005,Number,325
County,Hertford,2006,Number,305
County,Hertford,2007,Number,293
County,Hertford,2008,Number,334
County,Hertford,2013,Number,241
County,Hertford,2018,Number,230
County,Hertford,2009,Number,300
County,Hertford,2010,Number,253
County,Hertford,2015,Number,239
County,Hertford,2011,Number,245
County,Hertford,2012,Number,232
County,Hertford,2016,Number,223
County,Hertford,2014,Number,223
County,Hertford,2017,Number,230
County,Hertford,2020,Number,208
County,Hertford,2021,Number,173
County,Hertford,2022,Number,198
County,Hertford,2023,Number,187
County,Hertford,2024,Number,160
County,Hertford,2019,Number,195
County,Hoke,2017,Number,880
County,Hoke,2014,Number,948
County,Hoke,2016,Number,935
County,Hoke,2012,Number,932
County,Hoke,2011,Number,1008
County,Hoke,2015,Number,956
County,Hoke,2010,Number,930
County,Hoke,2009,Number,931
County,Hoke,2018,Number,846
County,Hoke,2013,Number,899
County,Hoke,2008,Number,876
County,Hoke,2007,Number,795
County,Hoke,2006,Number,876
County,Hoke,2005,Number,764
County,Hoke,2004,Number,708
County,Hoke,2003,Number,709
County,Hoke,2002,Number,669
County,Hoke,2001,Number,671
County,Hoke,2000,Number,667
County,Hoke,1999,Number,662
County,Hoke,1998,Number,645
County,Hoke,1997,Number,530
County,Hoke,1996,Number,547
County,Hoke,1995,Number,503
County,Hoke,2020,Number,838
County,Hoke,2021,Number,965
County,Hoke,2022,Number,899
County,Hoke,2023,Number,807
County,Hoke,2024,Number,813
County,Hoke,2019,Number,867
County,Hyde,1995,Number,63
County,Hyde,1996,Number,57
County,Hyde,1997,Number,43
County,Hyde,1998,Number,64
County,Hyde,1999,Number,45
County,Hyde,2000,Number,62
County,Hyde,2001,Number,57
County,Hyde,2002,Number,60
County,Hyde,2003,Number,56
County,Hyde,2004,Number,56
County,Hyde,2005,Number,60
County,Hyde,2006,Number,73
County,Hyde,2007,Number,52
County,Hyde,2008,Number,53
County,Hyde,2013,Number,58
County,Hyde,2018,Number,35
County,Hyde,2009,Number,42
County,Hyde,2010,Number,61
County,Hyde,2015,Number,49
County,Hyde,2011,Number,52
County,Hyde,2012,Number,49
County,Hyde,2016,Number,39
County,Hyde,2014,Number,37
County,Hyde,2017,Number,34
County,Hyde,2020,Number,37
County,Hyde,2021,Number,37
County,Hyde,2022,Number,32
County,Hyde,2023,Number,37
County,Hyde,2024,Number,20
County,Hyde,2019,Number,37
County,Iredell,2017,Number,1857
County,Iredell,2014,Number,1771
County,Iredell,2016,Number,1924
County,Iredell,2012,Number,1727
County,Iredell,2011,Number,1747
County,Iredell,2015,Number,1935
County,Iredell,2010,Number,1830
County,Iredell,2009,Number,1906
County,Iredell,2018,Number,1891
County,Iredell,2013,Number,1752
County,Iredell,2008,Number,1980
County,Iredell,2007,Number,2004
County,Iredell,2006,Number,1995
County,Iredell,2005,Number,2000
County,Iredell,2004,Number,1734
County,Iredell,2003,Number,1832
County,Iredell,2002,Number,1809
County,Iredell,2001,Number,1875
County,Iredell,2000,Number,1850
County,Iredell,1999,Number,1674
County,Iredell,1998,Number,1643
County,Iredell,1997,Number,1556
County,Iredell,1996,Number,1440
County,Iredell,1995,Number,1429
County,Iredell,2020,Number,1898
County,Iredell,2021,Number,1933
County,Iredell,2022,Number,2097
County,Iredell,2023,Number,2016
County,Iredell,2024,Number,2181
County,Iredell,2019,Number,1884
County,Jackson,1995,Number,307
County,Jackson,1996,Number,318
County,Jackson,1997,Number,312
County,Jackson,1998,Number,333
County,Jackson,1999,Number,353
County,Jackson,2000,Number,367
County,Jackson,2001,Number,368
County,Jackson,2002,Number,358
County,Jackson,2003,Number,360
County,Jackson,2004,Number,345
County,Jackson,2005,Number,405
County,Jackson,2006,Number,411
County,Jackson,2007,Number,422
County,Jackson,2008,Number,383
County,Jackson,2013,Number,363
County,Jackson,2018,Number,366
County,Jackson,2009,Number,447
County,Jackson,2010,Number,447
County,Jackson,2015,Number,400
County,Jackson,2011,Number,394
County,Jackson,2012,Number,367
County,Jackson,2016,Number,392
County,Jackson,2014,Number,399
County,Jackson,2017,Number,372
County,Jackson,2020,Number,315
County,Jackson,2021,Number,318
County,Jackson,2022,Number,367
County,Jackson,2023,Number,335
County,Jackson,2024,Number,374
County,Jackson,2019,Number,372
County,Johnston,2017,Number,2318
County,Johnston,2014,Number,2287
County,Johnston,2016,Number,2336
County,Johnston,2012,Number,2217
County,Johnston,2011,Number,2277
County,Johnston,2015,Number,2267
County,Johnston,2010,Number,2257
County,Johnston,2009,Number,2421
County,Johnston,2018,Number,2299
County,Johnston,2013,Number,2165
County,Johnston,2008,Number,2535
County,Johnston,2007,Number,2474
County,Johnston,2006,Number,2338
County,Johnston,2005,Number,2317
County,Johnston,2004,Number,2308
County,Johnston,2003,Number,2209
County,Johnston,2002,Number,2116
County,Johnston,2001,Number,2025
County,Johnston,2000,Number,2121
County,Johnston,1999,Number,1932
County,Johnston,1998,Number,1867
County,Johnston,1997,Number,1719
County,Johnston,1996,Number,1578
County,Johnston,1995,Number,1558
County,Johnston,2020,Number,2487
County,Johnston,2021,Number,2770
County,Johnston,2022,Number,2860
County,Johnston,2023,Number,2859
County,Johnston,2024,Number,2968
County,Johnston,2019,Number,2522
County,Jones,1995,Number,91
County,Jones,1996,Number,102
County,Jones,1997,Number,93
County,Jones,1998,Number,112
County,Jones,1999,Number,122
County,Jones,2000,Number,87
County,Jones,2001,Number,98
County,Jones,2002,Number,93
County,Jones,2003,Number,82
County,Jones,2004,Number,92
County,Jones,2005,Number,99
County,Jones,2006,Number,106
County,Jones,2007,Number,96
County,Jones,2008,Number,85
County,Jones,2013,Number,96
County,Jones,2018,Number,88
County,Jones,2009,Number,96
County,Jones,2010,Number,99
County,Jones,2015,Number,90
County,Jones,2011,Number,118
County,Jones,2012,Number,89
County,Jones,2016,Number,83
County,Jones,2014,Number,105
County,Jones,2017,Number,106
County,Jones,2020,Number,90
County,Jones,2021,Number,79
County,Jones,2022,Number,105
County,Jones,2023,Number,105
County,Jones,2024,Number,78
County,Jones,2019,Number,92
County,Lee,2017,Number,759
County,Lee,2014,Number,787
County,Lee,2016,Number,810
County,Lee,2012,Number,824
County,Lee,2011,Number,828
County,Lee,2015,Number,726
County,Lee,2010,Number,866
County,Lee,2009,Number,859
County,Lee,2018,Number,792
County,Lee,2013,Number,777
County,Lee,2008,Number,975
County,Lee,2007,Number,898
County,Lee,2006,Number,980
County,Lee,2005,Number,852
County,Lee,2004,Number,821
County,Lee,2003,Number,855
County,Lee,2002,Number,817
County,Lee,2001,Number,788
County,Lee,2000,Number,875
County,Lee,1999,Number,834
County,Lee,1998,Number,841
County,Lee,1997,Number,729
County,Lee,1996,Number,699
County,Lee,1995,Number,738
County,Lee,2020,Number,790
County,Lee,2021,Number,769
County,Lee,2022,Number,794
County,Lee,2023,Number,787
County,Lee,2024,Number,810
County,Lee,2019,Number,781
County,Lenoir,1995,Number,860
County,Lenoir,1996,Number,902
County,Lenoir,1997,Number,796
County,Lenoir,1998,Number,864
County,Lenoir,1999,Number,831
County,Lenoir,2000,Number,860
County,Lenoir,2001,Number,806
County,Lenoir,2002,Number,825
County,Lenoir,2003,Number,716
County,Lenoir,2004,Number,778
County,Lenoir,2005,Number,837
County,Lenoir,2006,Number,788
County,Lenoir,2007,Number,791
County,Lenoir,2008,Number,739
County,Lenoir,2013,Number,659
County,Lenoir,2018,Number,624
County,Lenoir,2009,Number,758
County,Lenoir,2010,Number,701
County,Lenoir,2015,Number,633
County,Lenoir,2011,Number,661
County,Lenoir,2012,Number,652
County,Lenoir,2016,Number,647
County,Lenoir,2014,Number,681
County,Lenoir,2017,Number,616
County,Lenoir,2020,Number,665
County,Lenoir,2021,Number,659
County,Lenoir,2022,Number,653
County,Lenoir,2023,Number,631
County,Lenoir,2024,Number,643
County,Lenoir,2019,Number,619
County,Lincoln,2017,Number,806
County,Lincoln,2014,Number,817
County,Lincoln,2016,Number,809
County,Lincoln,2012,Number,743
County,Lincoln,2011,Number,796
County,Lincoln,2015,Number,791
County,Lincoln,2010,Number,784
County,Lincoln,2009,Number,879
County,Lincoln,2018,Number,856
County,Lincoln,2013,Number,753
County,Lincoln,2008,Number,930
County,Lincoln,2007,Number,883
County,Lincoln,2006,Number,896
County,Lincoln,2005,Number,864
County,Lincoln,2004,Number,860
County,Lincoln,2003,Number,912
County,Lincoln,2002,Number,800
County,Lincoln,2001,Number,919
County,Lincoln,2000,Number,905
County,Lincoln,1999,Number,871
County,Lincoln,1998,Number,798
County,Lincoln,1997,Number,776
County,Lincoln,1996,Number,802
County,Lincoln,1995,Number,758
County,Lincoln,2020,Number,873
County,Lincoln,2021,Number,896
County,Lincoln,2022,Number,954
County,Lincoln,2023,Number,940
County,Lincoln,2024,Number,931
County,Lincoln,2019,Number,871
County,Macon,1995,Number,270
County,Macon,1996,Number,281
County,Macon,1997,Number,289
County,Macon,1998,Number,298
County,Macon,1999,Number,296
County,Macon,2000,Number,308
County,Macon,2001,Number,312
County,Macon,2002,Number,302
County,Macon,2003,Number,332
County,Macon,2004,Number,330
County,Macon,2005,Number,354
County,Macon,2006,Number,368
County,Macon,2007,Number,413
County,Macon,2008,Number,389
County,Macon,2013,Number,339
County,Macon,2018,Number,322
County,Macon,2009,Number,348
County,Macon,2010,Number,316
County,Macon,2015,Number,365
County,Macon,2012,Number,346
County,Macon,2011,Number,311
County,Macon,2016,Number,333
County,Macon,2014,Number,334
County,Macon,2017,Number,339
County,Macon,2020,Number,321
County,Macon,2021,Number,311
County,Macon,2022,Number,340
County,Macon,2023,Number,323
County,Macon,2024,Number,305
County,Macon,2019,Number,318
County,Madison,2017,Number,177
County,Madison,2014,Number,196
County,Madison,2016,Number,196
County,Madison,2011,Number,182
County,Madison,2012,Number,202
County,Madison,2015,Number,234
County,Madison,2010,Number,162
County,Madison,2009,Number,184
County,Madison,2018,Number,221
County,Madison,2013,Number,187
County,Madison,2008,Number,196
County,Madison,2007,Number,194
County,Madison,2006,Number,193
County,Madison,2005,Number,193
County,Madison,2004,Number,227
County,Madison,2003,Number,222
County,Madison,2002,Number,214
County,Madison,2001,Number,212
County,Madison,2000,Number,229
County,Madison,1999,Number,221
County,Madison,1998,Number,237
County,Madison,1997,Number,221
County,Madison,1996,Number,217
County,Madison,1995,Number,192
County,Madison,2020,Number,177
County,Madison,2021,Number,198
County,Madison,2022,Number,183
County,Madison,2023,Number,198
County,Madison,2024,Number,175
County,Madison,2019,Number,181
County,Martin,1995,Number,313
County,Martin,1996,Number,299
County,Martin,1997,Number,334
County,Martin,1998,Number,370
County,Martin,1999,Number,349
County,Martin,2000,Number,338
County,Martin,2001,Number,316
County,Martin,2002,Number,303
County,Martin,2003,Number,308
County,Martin,2004,Number,314
County,Martin,2005,Number,284
County,Martin,2006,Number,320
County,Martin,2007,Number,267
County,Martin,2008,Number,318
County,Martin,2013,Number,249
County,Martin,2018,Number,247
County,Martin,2009,Number,297
County,Martin,2010,Number,253
County,Martin,2015,Number,266
County,Martin,2012,Number,233
County,Martin,2011,Number,238
County,Martin,2016,Number,237
County,Martin,2014,Number,232
County,Martin,2017,Number,248
County,Martin,2020,Number,229
County,Martin,2021,Number,219
County,Martin,2022,Number,222
County,Martin,2023,Number,207
County,Martin,2024,Number,252
County,Martin,2019,Number,221
County,McDowell,2017,Number,457
County,McDowell,2014,Number,447
County,McDowell,2016,Number,444
County,McDowell,2012,Number,450
County,McDowell,2015,Number,489
County,McDowell,2011,Number,454
County,McDowell,2010,Number,487
County,McDowell,2009,Number,476
County,McDowell,2018,Number,418
County,McDowell,2013,Number,461
County,McDowell,2008,Number,546
County,McDowell,2007,Number,513
County,McDowell,2006,Number,561
County,McDowell,2005,Number,514
County,McDowell,2004,Number,490
County,McDowell,2003,Number,511
County,McDowell,2002,Number,510
County,McDowell,2001,Number,525
County,McDowell,2000,Number,550
County,McDowell,1999,Number,546
County,McDowell,1998,Number,508
County,McDowell,1997,Number,487
County,McDowell,1996,Number,474
County,McDowell,1995,Number,455
County,McDowell,2020,Number,379
County,McDowell,2021,Number,406
County,McDowell,2022,Number,382
County,McDowell,2023,Number,398
County,McDowell,2024,Number,415
County,McDowell,2019,Number,434
County,Mecklenburg,1995,Number,8871
County,Mecklenburg,1996,Number,9446
County,Mecklenburg,1997,Number,9695
County,Mecklenburg,1998,Number,10497
County,Mecklenburg,1999,Number,10910
County,Mecklenburg,2000,Number,12176
County,Mecklenburg,2001,Number,11957
County,Mecklenburg,2002,Number,12296
County,Mecklenburg,2003,Number,12773
County,Mecklenburg,2004,Number,12952
County,Mecklenburg,2005,Number,13527
County,Mecklenburg,2006,Number,14344
County,Mecklenburg,2007,Number,14767
County,Mecklenburg,2008,Number,14902
County,Mecklenburg,2013,Number,13820
County,Mecklenburg,2018,Number,14651
County,Mecklenburg,2009,Number,14453
County,Mecklenburg,2010,Number,13895
County,Mecklenburg,2015,Number,14851
County,Mecklenburg,2012,Number,13848
County,Mecklenburg,2011,Number,13734
County,Mecklenburg,2016,Number,14876
County,Mecklenburg,2014,Number,14409
County,Mecklenburg,2017,Number,14746
County,Mecklenburg,2020,Number,14655
County,Mecklenburg,2021,Number,15061
County,Mecklenburg,2022,Number,15038
County,Mecklenburg,2023,Number,15103
County,Mecklenburg,2024,Number,15482
County,Mecklenburg,2019,Number,14398
County,Mitchell,2017,Number,135
County,Mitchell,2014,Number,142
County,Mitchell,2016,Number,141
County,Mitchell,2011,Number,136
County,Mitchell,2012,Number,146
County,Mitchell,2015,Number,151
County,Mitchell,2010,Number,135
County,Mitchell,2009,Number,149
County,Mitchell,2018,Number,149
County,Mitchell,2013,Number,142
County,Mitchell,2008,Number,179
County,Mitchell,2007,Number,163
County,Mitchell,2006,Number,167
County,Mitchell,2005,Number,153
County,Mitchell,2004,Number,163
County,Mitchell,2003,Number,159
County,Mitchell,2002,Number,172
County,Mitchell,2001,Number,169
County,Mitchell,2000,Number,156
County,Mitchell,1999,Number,178
County,Mitchell,1998,Number,156
County,Mitchell,1997,Number,153
County,Mitchell,1996,Number,143
County,Mitchell,1995,Number,164
County,Mitchell,2020,Number,146
County,Mitchell,2021,Number,127
County,Mitchell,2022,Number,103
County,Mitchell,2023,Number,128
County,Mitchell,2024,Number,96
County,Mitchell,2019,Number,127
County,Montgomery,1995,Number,385
County,Montgomery,1996,Number,358
County,Montgomery,1997,Number,406
County,Montgomery,1998,Number,438
County,Montgomery,1999,Number,389
County,Montgomery,2000,Number,416
County,Montgomery,2001,Number,417
County,Montgomery,2002,Number,382
County,Montgomery,2003,Number,386
County,Montgomery,2004,Number,367
County,Montgomery,2005,Number,389
County,Montgomery,2006,Number,409
County,Montgomery,2007,Number,410
County,Montgomery,2008,Number,387
County,Montgomery,2013,Number,299
County,Montgomery,2018,Number,278
County,Montgomery,2009,Number,318
County,Montgomery,2010,Number,332
County,Montgomery,2015,Number,316
County,Montgomery,2012,Number,326
County,Montgomery,2011,Number,352
County,Montgomery,2016,Number,296
County,Montgomery,2014,Number,318
County,Montgomery,2017,Number,270
County,Montgomery,2020,Number,270
County,Montgomery,2021,Number,243
County,Montgomery,2022,Number,264
County,Montgomery,2023,Number,267
County,Montgomery,2024,Number,289
County,Montgomery,2019,Number,278
County,Moore,2017,Number,1109
County,Moore,2014,Number,1023
County,Moore,2016,Number,1132
County,Moore,2011,Number,967
County,Moore,2012,Number,969
County,Moore,2015,Number,1058
County,Moore,2010,Number,955
County,Moore,2009,Number,922
County,Moore,2018,Number,1168
County,Moore,2013,Number,982
County,Moore,2008,Number,1010
County,Moore,2007,Number,1016
County,Moore,2006,Number,963
County,Moore,2005,Number,987
County,Moore,2004,Number,962
County,Moore,2003,Number,871
County,Moore,2002,Number,931
County,Moore,2001,Number,861
County,Moore,2000,Number,928
County,Moore,1999,Number,926
County,Moore,1998,Number,959
County,Moore,1997,Number,862
County,Moore,1996,Number,797
County,Moore,1995,Number,814
County,Moore,2020,Number,1207
County,Moore,2021,Number,1208
County,Moore,2022,Number,1179
County,Moore,2023,Number,1198
County,Moore,2024,Number,1235
County,Moore,2019,Number,1147
County,Nash,1995,Number,1159
County,Nash,1996,Number,1214
County,Nash,1997,Number,1163
County,Nash,1998,Number,1169
County,Nash,1999,Number,1235
County,Nash,2000,Number,1301
County,Nash,2001,Number,1250
County,Nash,2002,Number,1200
County,Nash,2003,Number,1150
County,Nash,2004,Number,1225
County,Nash,2005,Number,1204
County,Nash,2006,Number,1217
County,Nash,2007,Number,1275
County,Nash,2008,Number,1268
County,Nash,2013,Number,1113
County,Nash,2018,Number,1046
County,Nash,2009,Number,1269
County,Nash,2010,Number,1169
County,Nash,2015,Number,1051
County,Nash,2012,Number,1107
County,Nash,2011,Number,1092
County,Nash,2016,Number,1016
County,Nash,2014,Number,1036
County,Nash,2017,Number,1110
County,Nash,2020,Number,1029
County,Nash,2021,Number,1054
County,Nash,2022,Number,1103
County,Nash,2023,Number,1031
County,Nash,2024,Number,1030
County,Nash,2019,Number,1101
County,New Hanover,2017,Number,2266
County,New Hanover,2014,Number,2283
County,New Hanover,2016,Number,2241
County,New Hanover,2011,Number,2251
County,New Hanover,2012,Number,2232
County,New Hanover,2015,Number,2311
County,New Hanover,2010,Number,2228
County,New Hanover,2009,Number,2347
County,New Hanover,2018,Number,2146
County,New Hanover,2013,Number,2241
County,New Hanover,2008,Number,2451
County,New Hanover,2007,Number,2494
County,New Hanover,2006,Number,2440
County,New Hanover,2005,Number,2372
County,New Hanover,2004,Number,2182
County,New Hanover,2003,Number,2079
County,New Hanover,2002,Number,2039
County,New Hanover,2001,Number,2037
County,New Hanover,2000,Number,2019
County,New Hanover,1999,Number,1995
County,New Hanover,1998,Number,1899
County,New Hanover,1997,Number,1874
County,New Hanover,1996,Number,1836
County,New Hanover,1995,Number,1846
County,New Hanover,2020,Number,2091
County,New Hanover,2021,Number,2156
County,New Hanover,2022,Number,2257
County,New Hanover,2023,Number,2135
County,New Hanover,2024,Number,2213
County,New Hanover,2019,Number,2172
County,Northampton,1995,Number,260
County,Northampton,1996,Number,248
County,Northampton,1997,Number,241
County,Northampton,1998,Number,263
County,Northampton,1999,Number,276
County,Northampton,2000,Number,258
County,Northampton,2001,Number,259
County,Northampton,2002,Number,210
County,Northampton,2003,Number,249
County,Northampton,2004,Number,227
County,Northampton,2005,Number,244
County,Northampton,2006,Number,267
County,Northampton,2007,Number,243
County,Northampton,2008,Number,236
County,Northampton,2013,Number,175
County,Northampton,2018,Number,171
County,Northampton,2009,Number,217
County,Northampton,2010,Number,210
County,Northampton,2015,Number,177
County,Northampton,2012,Number,211
County,Northampton,2011,Number,176
County,Northampton,2016,Number,200
County,Northampton,2014,Number,165
County,Northampton,2017,Number,200
County,Northampton,2020,Number,174
County,Northampton,2021,Number,159
County,Northampton,2022,Number,165
County,Northampton,2023,Number,148
County,Northampton,2024,Number,150
County,Northampton,2019,Number,165
County,Onslow,2017,Number,4060
County,Onslow,2016,Number,3959
County,Onslow,2014,Number,4367
County,Onslow,2011,Number,4371
County,Onslow,2012,Number,4408
County,Onslow,2015,Number,4173
County,Onslow,2010,Number,4294
County,Onslow,2009,Number,4058
County,Onslow,2018,Number,3923
County,Onslow,2013,Number,4328
County,Onslow,2008,Number,3665
County,Onslow,2007,Number,3700
County,Onslow,2006,Number,3528
County,Onslow,2005,Number,3192
County,Onslow,2004,Number,3367
County,Onslow,2003,Number,3181
County,Onslow,2002,Number,3114
County,Onslow,2001,Number,3125
County,Onslow,2000,Number,3324
County,Onslow,1999,Number,3177
County,Onslow,1998,Number,3177
County,Onslow,1997,Number,3217
County,Onslow,1996,Number,3300
County,Onslow,1995,Number,3218
County,Onslow,2020,Number,3731
County,Onslow,2021,Number,3858
County,Onslow,2022,Number,3927
County,Onslow,2023,Number,3668
County,Onslow,2024,Number,3659
County,Onslow,2019,Number,3821
County,Orange,1995,Number,1087
County,Orange,1996,Number,1128
County,Orange,1997,Number,1155
County,Orange,1998,Number,1159
County,Orange,1999,Number,1122
County,Orange,2000,Number,1260
County,Orange,2001,Number,1298
County,Orange,2002,Number,1356
County,Orange,2003,Number,1306
County,Orange,2004,Number,1331
County,Orange,2005,Number,1377
County,Orange,2006,Number,1280
County,Orange,2007,Number,1354
County,Orange,2008,Number,1381
County,Orange,2013,Number,1192
County,Orange,2018,Number,1134
County,Orange,2009,Number,1297
County,Orange,2010,Number,1212
County,Orange,2015,Number,1207
County,Orange,2012,Number,1286
County,Orange,2011,Number,1312
County,Orange,2014,Number,1215
County,Orange,2016,Number,1166
County,Orange,2017,Number,1179
County,Orange,2020,Number,1105
County,Orange,2021,Number,1193
County,Orange,2022,Number,1181
County,Orange,2023,Number,1163
County,Orange,2024,Number,1112
County,Orange,2019,Number,1164
County,Pamlico,2017,Number,73
County,Pamlico,2016,Number,98
County,Pamlico,2014,Number,91
County,Pamlico,2011,Number,89
County,Pamlico,2012,Number,98
County,Pamlico,2015,Number,84
County,Pamlico,2010,Number,104
County,Pamlico,2009,Number,111
County,Pamlico,2018,Number,90
County,Pamlico,2013,Number,79
County,Pamlico,2008,Number,112
County,Pamlico,2007,Number,100
County,Pamlico,2006,Number,118
County,Pamlico,2005,Number,111
County,Pamlico,2004,Number,123
County,Pamlico,2003,Number,110
County,Pamlico,2002,Number,100
County,Pamlico,2001,Number,98
County,Pamlico,2000,Number,108
County,Pamlico,1999,Number,98
County,Pamlico,1998,Number,125
County,Pamlico,1997,Number,115
County,Pamlico,1996,Number,120
County,Pamlico,1995,Number,98
County,Pamlico,2020,Number,89
County,Pamlico,2021,Number,86
County,Pamlico,2022,Number,87
County,Pamlico,2023,Number,105
County,Pamlico,2024,Number,117
County,Pamlico,2019,Number,73
County,Pasquotank,1995,Number,396
County,Pasquotank,1996,Number,422
County,Pasquotank,1997,Number,437
County,Pasquotank,1998,Number,464
County,Pasquotank,1999,Number,433
County,Pasquotank,2000,Number,454
County,Pasquotank,2001,Number,465
County,Pasquotank,2002,Number,462
County,Pasquotank,2003,Number,511
County,Pasquotank,2004,Number,517
County,Pasquotank,2005,Number,557
County,Pasquotank,2006,Number,561
County,Pasquotank,2007,Number,575
County,Pasquotank,2008,Number,576
County,Pasquotank,2013,Number,483
County,Pasquotank,2018,Number,454
County,Pasquotank,2009,Number,526
County,Pasquotank,2010,Number,533
County,Pasquotank,2015,Number,493
County,Pasquotank,2012,Number,479
County,Pasquotank,2011,Number,484
County,Pasquotank,2014,Number,536
County,Pasquotank,2016,Number,479
County,Pasquotank,2017,Number,492
County,Pasquotank,2020,Number,459
County,Pasquotank,2021,Number,466
County,Pasquotank,2022,Number,459
County,Pasquotank,2023,Number,430
County,Pasquotank,2024,Number,266
County,Pasquotank,2019,Number,474
County,Pender,2017,Number,658
County,Pender,2016,Number,651
County,Pender,2014,Number,634
County,Pender,2011,Number,614
County,Pender,2012,Number,590
County,Pender,2015,Number,615
County,Pender,2010,Number,603
County,Pender,2009,Number,584
County,Pender,2018,Number,623
County,Pender,2013,Number,577
County,Pender,2008,Number,567
County,Pender,2007,Number,620
County,Pender,2006,Number,548
County,Pender,2005,Number,511
County,Pender,2004,Number,478
County,Pender,2003,Number,440
County,Pender,2002,Number,487
County,Pender,2001,Number,498
County,Pender,2000,Number,491
County,Pender,1999,Number,450
County,Pender,1998,Number,438
County,Pender,1997,Number,455
County,Pender,1996,Number,396
County,Pender,1995,Number,455
County,Pender,2020,Number,597
County,Pender,2021,Number,666
County,Pender,2022,Number,681
County,Pender,2023,Number,705
County,Pender,2024,Number,729
County,Pender,2019,Number,624
County,Perquimans,1995,Number,116
County,Perquimans,1996,Number,115
County,Perquimans,1997,Number,106
County,Perquimans,1998,Number,111
County,Perquimans,1999,Number,117
County,Perquimans,2000,Number,124
County,Perquimans,2001,Number,115
County,Perquimans,2002,Number,117
County,Perquimans,2003,Number,131
County,Perquimans,2004,Number,112
County,Perquimans,2005,Number,143
County,Perquimans,2006,Number,121
County,Perquimans,2007,Number,142
County,Perquimans,2008,Number,135
County,Perquimans,2013,Number,142
County,Perquimans,2018,Number,121
County,Perquimans,2009,Number,131
County,Perquimans,2010,Number,134
County,Perquimans,2015,Number,112
County,Perquimans,2012,Number,126
County,Perquimans,2011,Number,133
County,Perquimans,2014,Number,124
County,Perquimans,2017,Number,124
County,Perquimans,2016,Number,122
County,Perquimans,2020,Number,92
County,Perquimans,2021,Number,132
County,Perquimans,2022,Number,110
County,Perquimans,2023,Number,99
County,Perquimans,2024,Number,97
County,Perquimans,2019,Number,118
County,Person,2016,Number,401
County,Person,2017,Number,443
County,Person,2014,Number,435
County,Person,2011,Number,407
County,Person,2012,Number,371
County,Person,2015,Number,403
County,Person,2010,Number,440
County,Person,2009,Number,470
County,Person,2018,Number,400
County,Person,2013,Number,430
County,Person,2008,Number,481
County,Person,2007,Number,479
County,Person,2006,Number,471
County,Person,2005,Number,452
County,Person,2004,Number,447
County,Person,2003,Number,434
County,Person,2002,Number,476
County,Person,2001,Number,482
County,Person,2000,Number,433
County,Person,1999,Number,467
County,Person,1998,Number,434
County,Person,1997,Number,418
County,Person,1996,Number,416
County,Person,1995,Number,449
County,Person,2020,Number,426
County,Person,2021,Number,456
County,Person,2022,Number,385
County,Person,2023,Number,425
County,Person,2024,Number,443
County,Person,2019,Number,435
County,Pitt,1995,Number,1682
County,Pitt,1996,Number,1808
County,Pitt,1997,Number,1789
County,Pitt,1998,Number,1901
County,Pitt,1999,Number,1873
County,Pitt,2000,Number,2027
County,Pitt,2001,Number,1990
County,Pitt,2002,Number,1987
County,Pitt,2003,Number,1998
County,Pitt,2004,Number,2101
County,Pitt,2005,Number,2026
County,Pitt,2006,Number,2196
County,Pitt,2007,Number,2336
County,Pitt,2008,Number,2345
County,Pitt,2013,Number,2111
County,Pitt,2018,Number,2085
County,Pitt,2009,Number,2303
County,Pitt,2010,Number,2148
County,Pitt,2015,Number,2163
County,Pitt,2012,Number,2167
County,Pitt,2011,Number,2144
County,Pitt,2014,Number,2125
County,Pitt,2016,Number,2023
County,Pitt,2017,Number,2051
County,Pitt,2020,Number,2002
County,Pitt,2021,Number,2093
County,Pitt,2022,Number,2039
County,Pitt,2023,Number,2004
County,Pitt,2024,Number,2120
County,Pitt,2019,Number,2079
County,Polk,2017,Number,161
County,Polk,2016,Number,140
County,Polk,2014,Number,156
County,Polk,2011,Number,124
County,Polk,2012,Number,131
County,Polk,2015,Number,140
County,Polk,2010,Number,130
County,Polk,2009,Number,163
County,Polk,2018,Number,149
County,Polk,2013,Number,151
County,Polk,2008,Number,153
County,Polk,2007,Number,147
County,Polk,2006,Number,146
County,Polk,2005,Number,176
County,Polk,2004,Number,162
County,Polk,2003,Number,169
County,Polk,2002,Number,160
County,Polk,2001,Number,181
County,Polk,2000,Number,190
County,Polk,1999,Number,184
County,Polk,1998,Number,176
County,Polk,1997,Number,146
County,Polk,1996,Number,172
County,Polk,1995,Number,159
County,Polk,2020,Number,111
County,Polk,2021,Number,158
County,Polk,2022,Number,121
County,Polk,2023,Number,127
County,Polk,2024,Number,111
County,Polk,2019,Number,166
County,Randolph,1995,Number,1563
County,Randolph,1996,Number,1649
County,Randolph,1997,Number,1717
County,Randolph,1998,Number,1754
County,Randolph,1999,Number,1850
County,Randolph,2000,Number,1947
County,Randolph,2001,Number,1865
County,Randolph,2002,Number,1757
County,Randolph,2003,Number,1826
County,Randolph,2004,Number,1777
County,Randolph,2005,Number,1734
County,Randolph,2006,Number,1765
County,Randolph,2007,Number,1892
County,Randolph,2008,Number,1831
County,Randolph,2013,Number,1589
County,Randolph,2018,Number,1520
County,Randolph,2009,Number,1707
County,Randolph,2010,Number,1675
County,Randolph,2015,Number,1558
County,Randolph,2012,Number,1635
County,Randolph,2011,Number,1574
County,Randolph,2014,Number,1603
County,Randolph,2016,Number,1600
County,Randolph,2017,Number,1576
County,Randolph,2020,Number,1559
County,Randolph,2021,Number,1499
County,Randolph,2022,Number,1589
County,Randolph,2023,Number,1601
County,Randolph,2024,Number,1576
County,Randolph,2019,Number,1546
County,Richmond,2017,Number,574
County,Richmond,2016,Number,518
County,Richmond,2014,Number,504
County,Richmond,2011,Number,602
County,Richmond,2012,Number,520
County,Richmond,2015,Number,557
County,Richmond,2010,Number,597
County,Richmond,2009,Number,622
County,Richmond,2018,Number,555
County,Richmond,2013,Number,536
County,Richmond,2008,Number,674
County,Richmond,2007,Number,709
County,Richmond,2006,Number,651
County,Richmond,2005,Number,641
County,Richmond,2004,Number,608
County,Richmond,2003,Number,618
County,Richmond,2002,Number,581
County,Richmond,2001,Number,670
County,Richmond,2000,Number,714
County,Richmond,1999,Number,658
County,Richmond,1998,Number,702
County,Richmond,1997,Number,647
County,Richmond,1996,Number,665
County,Richmond,1995,Number,674
County,Richmond,2020,Number,600
County,Richmond,2021,Number,536
County,Richmond,2022,Number,540
County,Richmond,2023,Number,530
County,Richmond,2024,Number,529
County,Richmond,2019,Number,561
County,Robeson,1995,Number,1809
County,Robeson,1996,Number,1965
County,Robeson,1997,Number,2000
County,Robeson,1998,Number,2115
County,Robeson,1999,Number,2114
County,Robeson,2000,Number,2149
County,Robeson,2001,Number,2114
County,Robeson,2002,Number,2032
County,Robeson,2003,Number,1973
County,Robeson,2004,Number,2028
County,Robeson,2005,Number,2097
County,Robeson,2006,Number,2167
County,Robeson,2007,Number,2268
County,Robeson,2008,Number,2223
County,Robeson,2013,Number,1934
County,Robeson,2018,Number,1699
County,Robeson,2009,Number,2129
County,Robeson,2010,Number,2103
County,Robeson,2015,Number,1771
County,Robeson,2012,Number,1834
County,Robeson,2011,Number,1886
County,Robeson,2014,Number,1819
County,Robeson,2016,Number,1775
County,Robeson,2017,Number,1782
County,Robeson,2020,Number,1730
County,Robeson,2021,Number,1847
County,Robeson,2022,Number,1902
County,Robeson,2023,Number,1875
County,Robeson,2024,Number,1916
County,Robeson,2019,Number,1731
County,Rockingham,2017,Number,860
County,Rockingham,2016,Number,937
County,Rockingham,2014,Number,963
County,Rockingham,2011,Number,886
County,Rockingham,2012,Number,952
County,Rockingham,2015,Number,905
County,Rockingham,2010,Number,943
County,Rockingham,2009,Number,1048
County,Rockingham,2018,Number,913
County,Rockingham,2013,Number,953
County,Rockingham,2008,Number,1050
County,Rockingham,2007,Number,1109
County,Rockingham,2006,Number,1071
County,Rockingham,2005,Number,1062
County,Rockingham,2004,Number,1057
County,Rockingham,2003,Number,1093
County,Rockingham,2002,Number,1140
County,Rockingham,2001,Number,1155
County,Rockingham,2000,Number,1206
County,Rockingham,1999,Number,1186
County,Rockingham,1998,Number,1196
County,Rockingham,1997,Number,1074
County,Rockingham,1996,Number,1156
County,Rockingham,1995,Number,1085
County,Rockingham,2020,Number,931
County,Rockingham,2021,Number,861
County,Rockingham,2022,Number,976
County,Rockingham,2023,Number,910
County,Rockingham,2024,Number,896
County,Rockingham,2019,Number,885
County,Rowan,1995,Number,1478
County,Rowan,1996,Number,1505
County,Rowan,1997,Number,1545
County,Rowan,1998,Number,1693
County,Rowan,1999,Number,1712
County,Rowan,2000,Number,1705
County,Rowan,2001,Number,1670
County,Rowan,2002,Number,1690
County,Rowan,2003,Number,1665
County,Rowan,2004,Number,1611
County,Rowan,2005,Number,1630
County,Rowan,2006,Number,1785
County,Rowan,2007,Number,1805
County,Rowan,2008,Number,1834
County,Rowan,2013,Number,1519
County,Rowan,2018,Number,1593
County,Rowan,2009,Number,1692
County,Rowan,2010,Number,1532
County,Rowan,2015,Number,1603
County,Rowan,2012,Number,1582
County,Rowan,2011,Number,1532
County,Rowan,2014,Number,1551
County,Rowan,2017,Number,1588
County,Rowan,2016,Number,1650
County,Rowan,2020,Number,1588
County,Rowan,2021,Number,1612
County,Rowan,2022,Number,1626
County,Rowan,2023,Number,1582
County,Rowan,2024,Number,1570
County,Rowan,2019,Number,1548
County,Rutherford,2017,Number,689
County,Rutherford,2014,Number,672
County,Rutherford,2011,Number,706
County,Rutherford,2012,Number,671
County,Rutherford,2016,Number,659
County,Rutherford,2015,Number,681
County,Rutherford,2010,Number,713
County,Rutherford,2009,Number,736
County,Rutherford,2018,Number,654
County,Rutherford,2013,Number,663
County,Rutherford,2008,Number,710
County,Rutherford,2007,Number,784
County,Rutherford,2006,Number,751
County,Rutherford,2005,Number,733
County,Rutherford,2004,Number,782
County,Rutherford,2003,Number,768
County,Rutherford,2002,Number,746
County,Rutherford,2001,Number,833
County,Rutherford,2000,Number,872
County,Rutherford,1999,Number,816
County,Rutherford,1998,Number,799
County,Rutherford,1997,Number,773
County,Rutherford,1996,Number,785
County,Rutherford,1995,Number,778
County,Rutherford,2020,Number,628
County,Rutherford,2021,Number,633
County,Rutherford,2022,Number,632
County,Rutherford,2023,Number,625
County,Rutherford,2024,Number,609
County,Rutherford,2019,Number,680
County,Sampson,1995,Number,741
County,Sampson,1996,Number,797
County,Sampson,1997,Number,804
County,Sampson,1998,Number,863
County,Sampson,1999,Number,909
County,Sampson,2000,Number,925
County,Sampson,2001,Number,937
County,Sampson,2002,Number,890
County,Sampson,2003,Number,906
County,Sampson,2004,Number,864
County,Sampson,2005,Number,930
County,Sampson,2006,Number,942
County,Sampson,2007,Number,949
County,Sampson,2008,Number,899
County,Sampson,2013,Number,854
County,Sampson,2018,Number,834
County,Sampson,2009,Number,907
County,Sampson,2010,Number,874
County,Sampson,2015,Number,832
County,Sampson,2012,Number,858
County,Sampson,2011,Number,840
County,Sampson,2014,Number,840
County,Sampson,2017,Number,831
County,Sampson,2016,Number,831
County,Sampson,2020,Number,774
County,Sampson,2021,Number,801
County,Sampson,2022,Number,825
County,Sampson,2023,Number,845
County,Sampson,2024,Number,849
County,Sampson,2019,Number,727
County,Scotland,2016,Number,455
County,Scotland,2017,Number,455
County,Scotland,2014,Number,440
County,Scotland,2011,Number,457
County,Scotland,2012,Number,454
County,Scotland,2015,Number,443
County,Scotland,2010,Number,506
County,Scotland,2009,Number,495
County,Scotland,2018,Number,443
County,Scotland,2013,Number,448
County,Scotland,2008,Number,516
County,Scotland,2007,Number,561
County,Scotland,2006,Number,540
County,Scotland,2005,Number,490
County,Scotland,2004,Number,482
County,Scotland,2003,Number,486
County,Scotland,2002,Number,494
County,Scotland,2001,Number,449
County,Scotland,2000,Number,543
County,Scotland,1999,Number,513
County,Scotland,1998,Number,575
County,Scotland,1997,Number,564
County,Scotland,1996,Number,574
County,Scotland,1995,Number,536
County,Scotland,2020,Number,365
County,Scotland,2021,Number,401
County,Scotland,2022,Number,402
County,Scotland,2023,Number,345
County,Scotland,2024,Number,402
County,Scotland,2019,Number,442
County,Stanly,1995,Number,690
County,Stanly,1996,Number,718
County,Stanly,1997,Number,690
County,Stanly,1998,Number,722
County,Stanly,1999,Number,731
County,Stanly,2000,Number,753
County,Stanly,2001,Number,754
County,Stanly,2002,Number,753
County,Stanly,2003,Number,701
County,Stanly,2004,Number,770
County,Stanly,2005,Number,686
County,Stanly,2006,Number,724
County,Stanly,2007,Number,751
County,Stanly,2008,Number,694
County,Stanly,2013,Number,638
County,Stanly,2018,Number,676
County,Stanly,2009,Number,735
County,Stanly,2010,Number,671
County,Stanly,2015,Number,678
County,Stanly,2012,Number,629
County,Stanly,2011,Number,639
County,Stanly,2014,Number,718
County,Stanly,2017,Number,732
County,Stanly,2016,Number,690
County,Stanly,2020,Number,637
County,Stanly,2021,Number,701
County,Stanly,2022,Number,710
County,Stanly,2023,Number,752
County,Stanly,2024,Number,758
County,Stanly,2019,Number,668
County,Stokes,2016,Number,380
County,Stokes,2017,Number,404
County,Stokes,2014,Number,402
County,Stokes,2011,Number,399
County,Stokes,2012,Number,407
County,Stokes,2015,Number,411
County,Stokes,2010,Number,437
County,Stokes,2009,Number,425
County,Stokes,2018,Number,396
County,Stokes,2013,Number,375
County,Stokes,2008,Number,448
County,Stokes,2007,Number,454
County,Stokes,2006,Number,478
County,Stokes,2005,Number,466
County,Stokes,2004,Number,490
County,Stokes,2003,Number,510
County,Stokes,2002,Number,479
County,Stokes,2001,Number,504
County,Stokes,2000,Number,526
County,Stokes,1999,Number,520
County,Stokes,1998,Number,541
County,Stokes,1997,Number,524
County,Stokes,1996,Number,486
County,Stokes,1995,Number,500
County,Stokes,2020,Number,383
County,Stokes,2021,Number,422
County,Stokes,2022,Number,427
County,Stokes,2023,Number,355
County,Stokes,2024,Number,446
County,Stokes,2019,Number,370
County,Surry,1995,Number,847
County,Surry,1996,Number,881
County,Surry,1997,Number,911
County,Surry,1998,Number,952
County,Surry,1999,Number,929
County,Surry,2000,Number,972
County,Surry,2001,Number,952
County,Surry,2002,Number,923
County,Surry,2003,Number,913
County,Surry,2004,Number,866
County,Surry,2005,Number,873
County,Surry,2006,Number,912
County,Surry,2007,Number,927
County,Surry,2008,Number,916
County,Surry,2013,Number,723
County,Surry,2018,Number,757
County,Surry,2009,Number,858
County,Surry,2010,Number,814
County,Surry,2015,Number,750
County,Surry,2012,Number,789
County,Surry,2011,Number,773
County,Surry,2014,Number,758
County,Surry,2017,Number,738
County,Surry,2016,Number,723
County,Surry,2020,Number,756
County,Surry,2021,Number,718
County,Surry,2022,Number,763
County,Surry,2023,Number,787
County,Surry,2024,Number,759
County,Surry,2019,Number,766
County,Swain,2016,Number,169
County,Swain,2017,Number,152
County,Swain,2014,Number,200
County,Swain,2011,Number,196
County,Swain,2012,Number,194
County,Swain,2015,Number,219
County,Swain,2010,Number,186
County,Swain,2009,Number,167
County,Swain,2018,Number,141
County,Swain,2013,Number,206
County,Swain,2008,Number,188
County,Swain,2007,Number,193
County,Swain,2006,Number,188
County,Swain,2005,Number,183
County,Swain,2004,Number,197
County,Swain,2003,Number,166
County,Swain,2002,Number,166
County,Swain,2001,Number,179
County,Swain,2000,Number,183
County,Swain,1999,Number,172
County,Swain,1998,Number,171
County,Swain,1997,Number,157
County,Swain,1996,Number,167
County,Swain,1995,Number,154
County,Swain,2020,Number,144
County,Swain,2021,Number,181
County,Swain,2022,Number,150
County,Swain,2023,Number,132
County,Swain,2024,Number,135
County,Swain,2019,Number,181
County,Transylvania,1995,Number,270
County,Transylvania,1996,Number,309
County,Transylvania,1997,Number,259
County,Transylvania,1998,Number,283
County,Transylvania,1999,Number,279
County,Transylvania,2000,Number,298
County,Transylvania,2001,Number,254
County,Transylvania,2002,Number,280
County,Transylvania,2003,Number,266
County,Transylvania,2004,Number,253
County,Transylvania,2005,Number,297
County,Transylvania,2006,Number,312
County,Transylvania,2007,Number,297
County,Transylvania,2008,Number,295
County,Transylvania,2013,Number,285
County,Transylvania,2018,Number,278
County,Transylvania,2009,Number,316
County,Transylvania,2010,Number,272
County,Transylvania,2015,Number,274
County,Transylvania,2012,Number,244
County,Transylvania,2011,Number,262
County,Transylvania,2014,Number,289
County,Transylvania,2017,Number,252
County,Transylvania,2016,Number,263
County,Transylvania,2020,Number,226
County,Transylvania,2021,Number,262
County,Transylvania,2022,Number,229
County,Transylvania,2023,Number,240
County,Transylvania,2024,Number,244
County,Transylvania,2019,Number,262
County,Tyrrell,2016,Number,51
County,Tyrrell,2017,Number,38
County,Tyrrell,2014,Number,41
County,Tyrrell,2011,Number,45
County,Tyrrell,2012,Number,36
County,Tyrrell,2015,Number,39
County,Tyrrell,2010,Number,46
County,Tyrrell,2009,Number,46
County,Tyrrell,2018,Number,34
County,Tyrrell,2013,Number,45
County,Tyrrell,2008,Number,52
County,Tyrrell,2007,Number,58
County,Tyrrell,2006,Number,52
County,Tyrrell,2005,Number,50
County,Tyrrell,2004,Number,44
County,Tyrrell,2003,Number,45
County,Tyrrell,2002,Number,40
County,Tyrrell,2001,Number,46
County,Tyrrell,2000,Number,46
County,Tyrrell,1999,Number,47
County,Tyrrell,1998,Number,43
County,Tyrrell,1997,Number,41
County,Tyrrell,1996,Number,36
County,Tyrrell,1995,Number,
County,Tyrrell,2020,Number,33
County,Tyrrell,2021,Number,39
County,Tyrrell,2022,Number,44
County,Tyrrell,2023,Number,38
County,Tyrrell,2024,Number,33
County,Tyrrell,2019,Number,30
County,Union,1995,Number,1579
County,Union,1996,Number,1661
County,Union,1997,Number,1910
County,Union,1998,Number,1880
County,Union,1999,Number,2042
County,Union,2000,Number,2236
County,Union,2001,Number,2308
County,Union,2002,Number,2312
County,Union,2003,Number,2394
County,Union,2004,Number,2497
County,Union,2005,Number,2608
County,Union,2006,Number,2595
County,Union,2007,Number,2808
County,Union,2008,Number,2768
County,Union,2013,Number,2289
County,Union,2018,Number,2455
County,Union,2009,Number,2540
County,Union,2010,Number,2476
County,Union,2015,Number,2359
County,Union,2012,Number,2382
County,Union,2011,Number,2381
County,Union,2014,Number,2378
County,Union,2017,Number,2382
County,Union,2016,Number,2416
County,Union,2020,Number,2331
County,Union,2021,Number,2443
County,Union,2022,Number,2582
County,Union,2023,Number,2599
County,Union,2024,Number,2641
County,Union,2019,Number,2279
County,Vance,2016,Number,530
County,Vance,2017,Number,584
County,Vance,2014,Number,561
County,Vance,2011,Number,572
County,Vance,2012,Number,578
County,Vance,2015,Number,540
County,Vance,2010,Number,608
County,Vance,2009,Number,623
County,Vance,2018,Number,562
County,Vance,2013,Number,579
County,Vance,2008,Number,626
County,Vance,2007,Number,716
County,Vance,2006,Number,742
County,Vance,2005,Number,662
County,Vance,2004,Number,658
County,Vance,2003,Number,668
County,Vance,2002,Number,693
County,Vance,2001,Number,737
County,Vance,2000,Number,753
County,Vance,1999,Number,687
County,Vance,1998,Number,669
County,Vance,1997,Number,649
County,Vance,1996,Number,645
County,Vance,1995,Number,620
County,Vance,2020,Number,535
County,Vance,2021,Number,547
County,Vance,2022,Number,509
County,Vance,2023,Number,533
County,Vance,2024,Number,574
County,Vance,2019,Number,570
County,Wake,1995,Number,7805
County,Wake,1996,Number,8120
County,Wake,1997,Number,8665
County,Wake,1998,Number,9031
County,Wake,1999,Number,9448
County,Wake,2000,Number,10259
County,Wake,2001,Number,10665
County,Wake,2002,Number,10924
County,Wake,2003,Number,11342
County,Wake,2004,Number,11751
County,Wake,2005,Number,12264
County,Wake,2006,Number,12849
County,Wake,2007,Number,13299
County,Wake,2008,Number,13542
County,Wake,2013,Number,12439
County,Wake,2018,Number,12580
County,Wake,2009,Number,13010
County,Wake,2010,Number,12705
County,Wake,2015,Number,12867
County,Wake,2012,Number,12309
County,Wake,2011,Number,12458
County,Wake,2014,Number,12635
County,Wake,2017,Number,12683
County,Wake,2016,Number,13019
County,Wake,2020,Number,12552
County,Wake,2021,Number,13168
County,Wake,2022,Number,13190
County,Wake,2023,Number,12950
County,Wake,2024,Number,13348
County,Wake,2019,Number,12689
County,Warren,2016,Number,177
County,Warren,2017,Number,176
County,Warren,2014,Number,198
County,Warren,2011,Number,173
County,Warren,2012,Number,168
County,Warren,2015,Number,186
County,Warren,2010,Number,210
County,Warren,2009,Number,206
County,Warren,2018,Number,159
County,Warren,2013,Number,186
County,Warren,2008,Number,183
County,Warren,2007,Number,231
County,Warren,2006,Number,242
County,Warren,2005,Number,205
County,Warren,2004,Number,190
County,Warren,2003,Number,225
County,Warren,2002,Number,180
County,Warren,2001,Number,212
County,Warren,2000,Number,194
County,Warren,1999,Number,215
County,Warren,1998,Number,217
County,Warren,1997,Number,187
County,Warren,1996,Number,178
County,Warren,1995,Number,189
County,Warren,2020,Number,178
County,Warren,2021,Number,162
County,Warren,2022,Number,188
County,Warren,2023,Number,162
County,Warren,2024,Number,175
County,Warren,2019,Number,145
County,Washington,1995,Number,196
County,Washington,1996,Number,208
County,Washington,1997,Number,190
County,Washington,1998,Number,159
County,Washington,1999,Number,163
County,Washington,2000,Number,201
County,Washington,2001,Number,167
County,Washington,2002,Number,158
County,Washington,2003,Number,162
County,Washington,2004,Number,185
County,Washington,2005,Number,171
County,Washington,2006,Number,186
County,Washington,2007,Number,190
County,Washington,2008,Number,156
County,Washington,2013,Number,142
County,Washington,2018,Number,129
County,Washington,2009,Number,171
County,Washington,2010,Number,128
County,Washington,2015,Number,119
County,Washington,2012,Number,125
County,Washington,2011,Number,139
County,Washington,2014,Number,116
County,Washington,2017,Number,134
County,Washington,2016,Number,126
County,Washington,2020,Number,117
County,Washington,2021,Number,112
County,Washington,2022,Number,106
County,Washington,2023,Number,106
County,Washington,2024,Number,102
County,Washington,2019,Number,132
County,Watauga,2016,Number,367
County,Watauga,2017,Number,398
County,Watauga,2014,Number,370
County,Watauga,2011,Number,361
County,Watauga,2012,Number,348
County,Watauga,2015,Number,355
County,Watauga,2010,Number,347
County,Watauga,2009,Number,357
County,Watauga,2018,Number,354
County,Watauga,2013,Number,339
County,Watauga,2008,Number,399
County,Watauga,2007,Number,404
County,Watauga,2006,Number,383
County,Watauga,2005,Number,374
County,Watauga,2004,Number,347
County,Watauga,2003,Number,354
County,Watauga,2002,Number,338
County,Watauga,2001,Number,339
County,Watauga,2000,Number,362
County,Watauga,1999,Number,332
County,Watauga,1998,Number,335
County,Watauga,1997,Number,345
County,Watauga,1996,Number,380
County,Watauga,1995,Number,354
County,Watauga,2020,Number,301
County,Watauga,2021,Number,312
County,Watauga,2022,Number,293
County,Watauga,2023,Number,321
County,Watauga,2024,Number,311
County,Watauga,2019,Number,313
County,Wayne,1995,Number,1563
County,Wayne,1996,Number,1646
County,Wayne,1997,Number,1649
County,Wayne,1998,Number,1714
County,Wayne,1999,Number,1748
County,Wayne,2000,Number,1763
County,Wayne,2001,Number,1738
County,Wayne,2002,Number,1660
County,Wayne,2003,Number,1707
County,Wayne,2004,Number,1760
County,Wayne,2005,Number,1815
County,Wayne,2006,Number,1772
County,Wayne,2007,Number,1802
County,Wayne,2008,Number,1773
County,Wayne,2013,Number,1704
County,Wayne,2018,Number,1638
County,Wayne,2009,Number,1661
County,Wayne,2010,Number,1623
County,Wayne,2015,Number,1630
County,Wayne,2012,Number,1792
County,Wayne,2011,Number,1728
County,Wayne,2014,Number,1717
County,Wayne,2017,Number,1611
County,Wayne,2016,Number,1636
County,Wayne,2020,Number,1543
County,Wayne,2021,Number,1601
County,Wayne,2022,Number,1601
County,Wayne,2023,Number,1675
County,Wayne,2024,Number,1670
County,Wayne,2019,Number,1619
County,Wilkes,2016,Number,691
County,Wilkes,2017,Number,649
County,Wilkes,2014,Number,686
County,Wilkes,2011,Number,673
County,Wilkes,2012,Number,697
County,Wilkes,2015,Number,719
County,Wilkes,2010,Number,675
County,Wilkes,2009,Number,702
County,Wilkes,2018,Number,696
County,Wilkes,2013,Number,645
County,Wilkes,2008,Number,785
County,Wilkes,2007,Number,838
County,Wilkes,2006,Number,795
County,Wilkes,2005,Number,798
County,Wilkes,2004,Number,750
County,Wilkes,2003,Number,822
County,Wilkes,2002,Number,877
County,Wilkes,2001,Number,864
County,Wilkes,2000,Number,927
County,Wilkes,1999,Number,857
County,Wilkes,1998,Number,821
County,Wilkes,1997,Number,759
County,Wilkes,1996,Number,810
County,Wilkes,1995,Number,833
County,Wilkes,2020,Number,682
County,Wilkes,2021,Number,662
County,Wilkes,2022,Number,693
County,Wilkes,2023,Number,666
County,Wilkes,2024,Number,667
County,Wilkes,2019,Number,669
County,Wilson,1995,Number,962
County,Wilson,1996,Number,1035
County,Wilson,1997,Number,1054
County,Wilson,1998,Number,1159
County,Wilson,1999,Number,1086
County,Wilson,2000,Number,1080
County,Wilson,2001,Number,1107
County,Wilson,2002,Number,1079
County,Wilson,2003,Number,1002
County,Wilson,2004,Number,1081
County,Wilson,2005,Number,1050
County,Wilson,2006,Number,1079
County,Wilson,2007,Number,1147
County,Wilson,2008,Number,1174
County,Wilson,2013,Number,938
County,Wilson,2018,Number,976
County,Wilson,2009,Number,1085
County,Wilson,2010,Number,1037
County,Wilson,2015,Number,971
County,Wilson,2012,Number,918
County,Wilson,2011,Number,1005
County,Wilson,2014,Number,936
County,Wilson,2017,Number,939
County,Wilson,2016,Number,964
County,Wilson,2020,Number,898
County,Wilson,2021,Number,872
County,Wilson,2022,Number,899
County,Wilson,2023,Number,917
County,Wilson,2024,Number,964
County,Wilson,2019,Number,976
County,Yadkin,2016,Number,392
County,Yadkin,2017,Number,392
County,Yadkin,2014,Number,341
County,Yadkin,2011,Number,401
County,Yadkin,2012,Number,413
County,Yadkin,2015,Number,386
County,Yadkin,2010,Number,406
County,Yadkin,2009,Number,427
County,Yadkin,2018,Number,363
County,Yadkin,2013,Number,399
County,Yadkin,2008,Number,469
County,Yadkin,2007,Number,467
County,Yadkin,2006,Number,498
County,Yadkin,2005,Number,463
County,Yadkin,2004,Number,470
County,Yadkin,2003,Number,440
County,Yadkin,2002,Number,462
County,Yadkin,2001,Number,476
County,Yadkin,2000,Number,525
County,Yadkin,1999,Number,501
County,Yadkin,1998,Number,514
County,Yadkin,1997,Number,429
County,Yadkin,1996,Number,468
County,Yadkin,1995,Number,455
County,Yadkin,2020,Number,362
County,Yadkin,2021,Number,344
County,Yadkin,2022,Number,412
County,Yadkin,2023,Number,396
County,Yadkin,2024,Number,429
County,Yadkin,2019,Number,375
County,Yancey,1995,Number,164
County,Yancey,1996,Number,176
County,Yancey,1997,Number,189
County,Yancey,1998,Number,169
County,Yancey,1999,Number,192
County,Yancey,2000,Number,218
County,Yancey,2001,Number,198
County,Yancey,2002,Number,162
County,Yancey,2003,Number,166
County,Yancey,2004,Number,188
County,Yancey,2005,Number,183
County,Yancey,2006,Number,178
County,Yancey,2007,Number,189
County,Yancey,2008,Number,177
County,Yancey,2013,Number,158
County,Yancey,2018,Number,183
County,Yancey,2009,Number,179
County,Yancey,2010,Number,177
County,Yancey,2015,Number,182
County,Yancey,2012,Number,174
County,Yancey,2014,Number,173
County,Yancey,2011,Number,171
County,Yancey,2017,Number,170
County,Yancey,2016,Number,154
County,Yancey,2020,Number,183
County,Yancey,2021,Number,173
County,Yancey,2022,Number,173
County,Yancey,2023,Number,176
County,Yancey,2024,Number,171
County,Yancey,2019,Number,174